Pack_Number,Pack_Title,Difficulty_Act,Spanish_Base_Words,Spanish_Example_Words
1,Greetings & Goodbyes,Act I: Foundation,"[hola,adiós,buenos días,buenas tardes,buenas noches,por favor,gracias,de nada,perdón,disculpe,con permiso,hasta luego,hasta mañana,bienvenido,bienvenida]","[hola amigo,hola a todos,adiós amigos,adiós mi amor,muy buenos días,buenos días señor,muy buenas tardes,buenas tardes a todos,muy buenas noches,buenas noches queridos,por favor espera,ayúdame por favor,muchas gracias,gracias por todo,de nada amigo,no hay de nada,te pido perdón,perdón por la demora,disculpe señor,disculpe la molestia,con su permiso,con permiso señora,hasta luego amigo,nos vemos hasta luego,hasta mañana entonces,nos vemos hasta mañana,bienvenido a casa,muy bienvenido aquí,bienvenida a la fiesta,muy bienvenida aquí]"
2,Yes No & Agreement,Act I: Foundation,"[sí,no,tal vez,quizás,claro,por supuesto,vale,está bien,de acuerdo,correcto]","[sí claro,sí señor,no gracias,no sé,tal vez mañana,tal vez después,quizás luego,quizás otro día,claro que sí,pero claro,por supuesto que sí,sí por supuesto,vale entonces,vale perfecto,todo está bien,está bien gracias,estoy de acuerdo,de acuerdo contigo,es correcto,muy correcto]"
3,Numbers 0-10,Act I: Foundation,"[cero,uno,dos,tres,cuatro,cinco,seis,siete,ocho,nueve,diez]","[cero grados,desde cero,uno más,número uno,dos veces,los dos,tres días,los tres,cuatro años,las cuatro,cinco minutos,los cinco,seis meses,las seis,siete días,los siete,ocho horas,las ocho,nueve personas,las nueve,diez euros,los diez]"
4,Asking Questions (qué cuándo dónde),Act I: Foundation,"[qué,quién,dónde,cuándo,por qué,cómo,cuál,cuánto,cuánta,cuántos,cuántas]","[qué pasa,qué tal,quién es,quién sabe,dónde está,de dónde,cuándo vienes,desde cuándo,por qué no,por qué sí,cómo estás,cómo no,cuál es,cuál quieres,cuánto cuesta,cuánto tiempo,cuánta gente,cuánta agua,cuántos años,cuántos hay,cuántas personas,cuántas veces]"
5,Referring to People (yo tú él ella),Act I: Foundation,"[yo,tú,él,ella,usted,nosotros,nosotras,vosotros,vosotras,ellos,ellas,ustedes]","[yo también,yo mismo,y tú,tú sabes,él mismo,como él,ella también,como ella,gracias usted,como usted,entre nosotros,nosotros también,entre nosotras,nosotras mismas,entre vosotros,vosotros también,entre vosotras,vosotras mismas,ellos también,como ellos,ellas también,como ellas,para ustedes,ustedes también]"
6,Being Permanent (ser),Act I: Foundation,"[ser,soy,eres,es,somos,sois,son,profesión,nacionalidad,personalidad,inteligente,simpático,trabajador,honesto,amable]","[puede ser,debe ser,yo soy,soy yo,tú eres,eres tú,eso es,qué es,nosotros somos,somos amigos,vosotros sois,sois buenos,ellos son,son las tres,mi profesión,qué profesión,mi nacionalidad,qué nacionalidad,buena personalidad,mucha personalidad,muy inteligente,persona inteligente,muy simpático,chico simpático,muy trabajador,hombre trabajador,muy honesto,ser honesto,muy amable,persona amable]"
7,Being Temporary (estar),Act I: Foundation,"[estar,estoy,estás,está,estamos,estáis,están,ubicación,condición,ánimo,enfermo,ocupado,cansado,abierto,situado]","[voy a estar,puede estar,yo estoy,estoy bien,cómo estás,dónde estás,aquí está,cómo está,aquí estamos,estamos listos,cómo estáis,dónde estáis,dónde están,cómo están,buena ubicación,mi ubicación,buena condición,mala condición,buen ánimo,estado de ánimo,estoy enfermo,muy enfermo,estoy ocupado,muy ocupado,estoy cansado,muy cansado,está abierto,todo abierto,bien situado,está situado]"
8,Having & Age (tener),Act I: Foundation,"[tengo,tienes,tiene,tenemos,tenéis,tienen,tener,hambre,sed,sueño,miedo,prisa,razón,suerte]","[yo tengo,tengo que,tú tienes,tienes razón,él tiene,tiene sentido,nosotros tenemos,tenemos tiempo,vosotros tenéis,tenéis razón,ellos tienen,tienen prisa,hay que tener,puede tener,tengo hambre,mucha hambre,tengo sed,mucha sed,tengo sueño,mucho sueño,tengo miedo,mucho miedo,tengo prisa,mucha prisa,tienes razón,con razón,buena suerte,mucha suerte]"
9,The & A Articles (el la un una),Act I: Foundation,"[el,la,los,las,un,una,unos,unas]","[el hombre,el día,la mujer,la casa,los niños,los días,las chicas,las noches,un momento,un poco,una vez,una cosa,unos días,unos amigos,unas horas,unas amigas]"
10,Connecting Words (y pero porque),Act I: Foundation,"[y,o,pero,porque,si,cuando,donde,así,también,tampoco]","[tú y yo,pan y agua,sí o no,uno o dos,pero no,pero sí,porque sí,porque no,si quieres,si puedes,cuando puedas,cuando quieras,donde está,de donde,así es,así que,yo también,tú también,yo tampoco,tampoco es]"
11,Days of the Week,Act I: Foundation,"[lunes,martes,miércoles,jueves,viernes,sábado,domingo,día,semana,fin]","[el lunes,cada lunes,el martes,cada martes,el miércoles,cada miércoles,el jueves,cada jueves,el viernes,cada viernes,el sábado,cada sábado,el domingo,cada domingo,cada día,un día,esta semana,la semana,fin de semana,al fin]"
12,Months of the Year,Act I: Foundation,"[enero,febrero,marzo,abril,mayo,junio,julio,agosto,septiembre,octubre,noviembre,diciembre,mes,año]","[en enero,de enero,en febrero,de febrero,en marzo,de marzo,en abril,de abril,en mayo,de mayo,en junio,de junio,en julio,de julio,en agosto,de agosto,en septiembre,de septiembre,en octubre,de octubre,en noviembre,de noviembre,en diciembre,de diciembre,este mes,cada mes,este año,cada año]"
13,Family Members,Act I: Foundation,"[familia,padre,madre,hijo,hija,hermano,hermana,abuelo,abuela,tío,tía,primo,prima,esposo,esposa]","[mi familia,la familia,mi padre,su padre,mi madre,su madre,mi hijo,su hijo,mi hija,su hija,mi hermano,su hermano,mi hermana,su hermana,mi abuelo,su abuelo,mi abuela,su abuela,mi tío,su tío,mi tía,su tía,mi primo,su primo,mi prima,su prima,mi esposo,su esposo,mi esposa,su esposa]"
14,Body Parts,Act I: Foundation,"[cabeza,cara,ojo,oreja,nariz,boca,diente,lengua,cuello,hombro,brazo,mano,dedo,pecho,espalda,estómago,pierna,rodilla,pie]","[mi cabeza,dolor de cabeza,tu cara,la cara,mi ojo,ojo izquierdo,mi oreja,la oreja,tu nariz,la nariz,tu boca,la boca,mi diente,dolor de diente,mi lengua,la lengua,el cuello,dolor de cuello,mi hombro,el hombro,mi brazo,el brazo,mi mano,tu mano,mi dedo,el dedo,el pecho,dolor de pecho,mi espalda,la espalda,mi estómago,dolor de estómago,mi pierna,la pierna,mi rodilla,la rodilla,mi pie,el pie]"
15,Colors,Act I: Foundation,"[rojo,azul,verde,amarillo,negro,blanco,gris,marrón,naranja,rosa,morado,oscuro,turquesa]","[color rojo,rojo oscuro,color azul,azul claro,color verde,verde oscuro,color amarillo,amarillo brillante,color negro,negro puro,color blanco,blanco puro,color gris,gris oscuro,color marrón,marrón claro,color naranja,naranja brillante,color rosa,rosa claro,color morado,morado oscuro,muy oscuro,color oscuro,color turquesa,azul turquesa]"
16,Describing Things (grande pequeño bueno),Act I: Foundation,"[grande,pequeño,alto,flaco,largo,corto,ancho,estrecho,nuevo,viejo,joven,bueno,malo,fácil,difícil,rápido,lento,bonito,feo]","[muy grande,más grande,muy pequeño,más pequeño,muy alto,más alto,muy flaco,más flaco,muy largo,más largo,muy corto,más corto,muy ancho,más ancho,muy estrecho,más estrecho,muy nuevo,algo nuevo,muy viejo,más viejo,muy joven,más joven,muy bueno,más bueno,muy malo,más malo,muy fácil,más fácil,muy difícil,más difícil,muy rápido,más rápido,muy lento,más lento,muy bonito,más bonito,muy feo,más feo]"
17,Basic Action Verbs,Act I: Foundation,"[venir,tomar,hablar,ver,oír,entrar,comer,nacer,reír,llorar,gritar,trabajar,ayudar,conversar,limpiar]","[venir aquí,puede venir,tomar agua,tomar el sol,hablar español,hablar contigo,ver la tele,quiero ver,oír música,puedo oír,entrar aquí,puede entrar,comer bien,quiero comer,acaba de nacer,nacer aquí,reír mucho,me hace reír,llorar mucho,quiero llorar,gritar fuerte,no gritar,trabajar mucho,voy a trabajar,ayudar a otros,puedo ayudar,conversar contigo,me gusta conversar,limpiar la casa,voy a limpiar]"
18,Common Foods,Act I: Foundation,"[comida,agua,pan,leche,café,té,fruta,manzana,plátano,arroz,pasta,carne,pollo,pescado,huevos,queso,ensalada,tomate,patatas,galleta]","[buena comida,la comida,el agua,agua fría,el pan,pan fresco,la leche,leche fría,el café,café caliente,el té,té verde,la fruta,fruta fresca,la manzana,manzana roja,el plátano,plátano maduro,el arroz,arroz blanco,la pasta,pasta italiana,la carne,carne roja,el pollo,pollo frito,el pescado,pescado fresco,los huevos,huevos fritos,el queso,queso fresco,la ensalada,ensalada verde,el tomate,tomate rojo,las patatas,patatas fritas,la galleta,galleta dulce]"
19,House Rooms,Act I: Foundation,"[casa,apartamento,habitación,baño,salón,dormitorio,comedor,jardín,puerta,ventana,pared,techo,suelo,escaleras,garaje]","[mi casa,en casa,el apartamento,mi apartamento,mi habitación,la habitación,el baño,en el baño,el salón,en el salón,el dormitorio,mi dormitorio,el comedor,en el comedor,el jardín,en el jardín,la puerta,abrir la puerta,la ventana,por la ventana,la pared,en la pared,el techo,en el techo,el suelo,en el suelo,las escaleras,por las escaleras,el garaje,en el garaje]"
20,Making & Doing (hacer),Act I: Foundation,"[hacer,hago,haces,hace,hacemos,hacéis,hacen,tarea,cama,cola,ejercicio,deporte,planes,caso,daño,ruido,esfuerzo]","[voy a hacer,puedo hacer,yo hago,lo hago,tú haces,qué haces,él hace,hace calor,nosotros hacemos,lo hacemos,vosotros hacéis,qué hacéis,ellos hacen,lo hacen,mi tarea,hacer la tarea,hacer la cama,mi cama,hacer cola,la cola,hacer ejercicio,el ejercicio,hacer deporte,el deporte,hacer planes,mis planes,hacer caso,en todo caso,hacer daño,sin daño,hacer ruido,mucho ruido,hacer esfuerzo,el esfuerzo]"
21,Going Places (ir),Act I: Foundation,"[ir,voy,vas,va,vamos,vais,van,destino,dirección,camino,ruta,paseo,visita,excursión,trayecto]","[vamos a ir,quiero ir,yo voy,voy a casa,tú vas,dónde vas,él va,cómo va,nosotros vamos,vamos a ver,vosotros vais,dónde vais,ellos van,dónde van,el destino,mi destino,la dirección,en dirección,el camino,en camino,la ruta,mi ruta,el paseo,dar un paseo,la visita,de visita,la excursión,de excursión,el trayecto,largo trayecto]"
22,Numbers 11-20,Act I: Foundation,"[once,doce,trece,catorce,quince,dieciséis,diecisiete,dieciocho,diecinueve,veinte]","[las once,a las once,las doce,a las doce,trece años,el trece,catorce días,el catorce,quince minutos,el quince,dieciséis años,el dieciséis,diecisiete años,el diecisiete,dieciocho años,el dieciocho,diecinueve años,el diecinueve,veinte años,los veinte]"
23,Extended Family,Act I: Foundation,"[novio,novia,marido,mujer,bebé,niño,niña,adulto,adulta,padres,hijos,abuelos,nietos,pariente,parienta]","[mi novio,su novio,mi novia,su novia,mi marido,su marido,mi mujer,su mujer,el bebé,mi bebé,el niño,un niño,la niña,una niña,un adulto,como adulto,una adulta,como adulta,mis padres,sus padres,mis hijos,sus hijos,mis abuelos,los abuelos,mis nietos,los nietos,un pariente,mi pariente,una parienta,mi parienta]"
24,Emotions & Feelings,Act I: Foundation,"[feliz,triste,enojado,preocupado,aburrido,emocionado,nervioso,tranquilo,contento,asustado,sorprendido,confundido,frustrado,avergonzado,aliviado,satisfecho]","[muy feliz,estoy feliz,muy triste,estoy triste,muy enojado,estoy enojado,muy preocupado,estoy preocupado,muy aburrido,estoy aburrido,muy emocionado,estoy emocionado,muy nervioso,estoy nervioso,muy tranquilo,estoy tranquilo,muy contento,estoy contento,muy asustado,estoy asustado,muy sorprendido,estoy sorprendido,muy confundido,estoy confundido,muy frustrado,estoy frustrado,muy avergonzado,estoy avergonzado,muy aliviado,estoy aliviado,muy satisfecho,estoy satisfecho]"
25,Time Words (hoy ayer mañana),Act I: Foundation,"[hoy,ayer,mañana,ahora,tarde,después,antes,siempre,nunca,a veces,todavía,ya,temprano,vez,pronto]","[hoy mismo,para hoy,desde ayer,ayer mismo,hasta mañana,mañana mismo,ahora mismo,desde ahora,más tarde,muy tarde,después de,justo después,antes de,justo antes,como siempre,para siempre,casi nunca,nunca más,solo a veces,pero a veces,todavía no,todavía más,ya está,ya mismo,muy temprano,más temprano,otra vez,tal vez,muy pronto,hasta pronto]"
26,Clothing,Act I: Foundation,"[ropa,camisa,camiseta,pantalones,vestido,falda,zapatos,calcetines,chaqueta,abrigo,sombrero,gorra,guantes,cinturón,corbata]","[mi ropa,la ropa,mi camisa,camisa blanca,mi camiseta,camiseta nueva,mis pantalones,pantalones azules,mi vestido,vestido rojo,mi falda,falda larga,mis zapatos,zapatos nuevos,mis calcetines,calcetines blancos,mi chaqueta,chaqueta negra,mi abrigo,abrigo largo,mi sombrero,sombrero grande,mi gorra,gorra azul,mis guantes,guantes negros,mi cinturón,cinturón de cuero,mi corbata,corbata roja]"
27,Daily Activities,Act I: Foundation,"[como,bebo,madrugo,despertarse,ducharse,vestirse,trabajo,estudio,ordeno,escucho,ceno,merienda,corro,arreglo,platico]","[yo como,como bien,yo bebo,bebo agua,yo madrugo,madrugo mucho,voy a despertarse,al despertarse,voy a ducharse,después de ducharse,hay que vestirse,al vestirse,yo trabajo,trabajo mucho,yo estudio,estudio español,yo ordeno,ordeno todo,yo escucho,escucho música,yo ceno,ceno tarde,la merienda,hora de merienda,yo corro,corro rápido,yo arreglo,arreglo todo,yo platico,platico contigo]"
28,City Places,Act I: Foundation,"[ciudad,pueblo,calle,plaza,parque,tienda,supermercado,mercado,restaurante,bar,banco,oficina,hospital,farmacia,escuela,universidad,biblioteca,museo,cine,terminal]","[la ciudad,en la ciudad,el pueblo,mi pueblo,la calle,en la calle,la plaza,en la plaza,el parque,en el parque,la tienda,en la tienda,el supermercado,al supermercado,el mercado,en el mercado,el restaurante,en el restaurante,el bar,en el bar,el banco,en el banco,la oficina,en la oficina,el hospital,en el hospital,la farmacia,en la farmacia,la escuela,en la escuela,la universidad,en la universidad,la biblioteca,en la biblioteca,el museo,en el museo,el cine,al cine,la terminal,en la terminal]"
29,Transportation,Act I: Foundation,"[coche,autobús,tren,metro,avión,bicicleta,taxi,barco,moto,caminar,conducir,tranvía,ferry,helicóptero,patinete]","[el coche,en coche,el autobús,en autobús,el tren,en tren,el metro,en metro,el avión,en avión,en bicicleta,mi bicicleta,en taxi,un taxi,en barco,el barco,en moto,mi moto,voy a caminar,me gusta caminar,voy a conducir,sé conducir,el tranvía,en tranvía,el ferry,en ferry,el helicóptero,en helicóptero,el patinete,en patinete]"
30,Numbers 21-100,Act I: Foundation,"[veintiún,veintidós,veintitrés,veinticuatro,veinticinco,veintiséis,veintisiete,veintiocho,veintinueve,treinta,cuarenta,cincuenta,sesenta,setenta,ochenta,noventa,cien]","[veintiún años,solo veintiún,veintidós años,los veintidós,veintitrés años,los veintitrés,veinticuatro horas,los veinticuatro,veinticinco años,los veinticinco,veintiséis años,los veintiséis,veintisiete años,los veintisiete,veintiocho días,los veintiocho,veintinueve años,los veintinueve,treinta años,los treinta,cuarenta años,los cuarenta,cincuenta años,los cincuenta,sesenta años,los sesenta,setenta años,los setenta,ochenta años,los ochenta,noventa años,los noventa,cien por cien,casi cien]"
31,Liking Things (gustar),Act II: Building Blocks,"[gustar,encantar,interesar,molestar,importar,aburrir,fascinar,preocupar,sobrar,caer bien,doler,bastar]","[me gusta,te gusta,me encanta,te encanta,me interesa,te interesa,me molesta,te molesta,me importa,no importa,me aburre,te aburre,me fascina,te fascina,me preocupa,te preocupa,me sobra,te sobra,me cae bien,te cae bien,me duele,te duele,me basta,te basta]"
32,Weather Talk,Act II: Building Blocks,"[tiempo,frío,calor,sol,viento,lluvia,nieve,nube,niebla,tormenta,clima,temperatura,pronóstico,húmedo]","[hace buen tiempo,el tiempo,hace frío,mucho frío,hace calor,mucho calor,hace sol,el sol,hace viento,mucho viento,hay lluvia,la lluvia,hay nieve,la nieve,hay nubes,una nube,hay niebla,la niebla,hay tormenta,la tormenta,el clima,buen clima,la temperatura,alta temperatura,el pronóstico,mal pronóstico,muy húmedo,clima húmedo]"
33,Can & Able (poder),Act II: Building Blocks,"[puedo,puedes,puede,podemos,podéis,pueden,poder,posible,imposible,capaz]","[yo puedo,no puedo,tú puedes,no puedes,puede ser,puede que,nosotros podemos,no podemos,vosotros podéis,no podéis,ellos pueden,no pueden,el poder,sin poder,es posible,si es posible,es imposible,casi imposible,soy capaz,es capaz]"
34,Want & Desire (querer),Act II: Building Blocks,"[quiero,quieres,quiere,queremos,queréis,quieren,querer,deseo,desear,ansias]","[yo quiero,te quiero,tú quieres,qué quieres,él quiere,lo que quiere,nosotros queremos,lo queremos,vosotros queréis,qué queréis,ellos quieren,lo quieren,sin querer,por querer,mi deseo,te deseo,hay que desear,voy a desear,con ansias,muchas ansias]"
35,School Supplies,Act II: Building Blocks,"[libro,cuaderno,lápiz,bolígrafo,pluma,papel,mochila,mesa,silla,pizarra,ordenador,computadora,estudiante,profesor,profesora,clase,examen,lección,aula,regla]","[el libro,mi libro,el cuaderno,mi cuaderno,el lápiz,mi lápiz,el bolígrafo,mi bolígrafo,la pluma,mi pluma,el papel,hoja de papel,la mochila,mi mochila,la mesa,en la mesa,la silla,mi silla,la pizarra,en la pizarra,el ordenador,mi ordenador,la computadora,mi computadora,el estudiante,un estudiante,el profesor,mi profesor,la profesora,mi profesora,la clase,en clase,el examen,mi examen,la lección,esta lección,el aula,en el aula,la regla,mi regla]"
36,Office & Work,Act II: Building Blocks,"[jefe,jefa,empleado,empleada,compañero,compañera,cliente,clienta,reunión,proyecto,documento,correo,teléfono,salario,contrato,empresa,negocio,cita,despacho,cubículo]","[el jefe,mi jefe,la jefa,mi jefa,el empleado,un empleado,la empleada,una empleada,mi compañero,un compañero,mi compañera,una compañera,el cliente,un cliente,la clienta,una clienta,la reunión,en la reunión,el proyecto,mi proyecto,el documento,un documento,el correo,mi correo,el teléfono,por teléfono,el salario,mi salario,el contrato,mi contrato,la empresa,mi empresa,el negocio,mi negocio,la cita,mi cita,el despacho,mi despacho,el cubículo,mi cubículo]"
37,Animals,Act II: Building Blocks,"[perro,gato,pájaro,pez,caballo,vaca,cerdo,oveja,ratón,conejo,león,tigre,elefante,mono,serpiente,oso,lobo,mariposa,abeja,pato]","[el perro,mi perro,el gato,mi gato,el pájaro,un pájaro,el pez,un pez,el caballo,un caballo,la vaca,una vaca,el cerdo,un cerdo,la oveja,una oveja,el ratón,un ratón,el conejo,un conejo,el león,un león,el tigre,un tigre,el elefante,un elefante,el mono,un mono,la serpiente,una serpiente,el oso,un oso,el lobo,un lobo,la mariposa,una mariposa,la abeja,una abeja,el pato,un pato]"
38,Thinking (pensar),Act II: Building Blocks,"[pienso,piensas,piensa,pensamos,pensáis,piensan,pensar,pensamiento,idea,opinión]","[yo pienso,pienso que,tú piensas,qué piensas,él piensa,piensa bien,nosotros pensamos,lo pensamos,vosotros pensáis,qué pensáis,ellos piensan,lo piensan,hay que pensar,sin pensar,el pensamiento,mi pensamiento,una idea,buena idea,mi opinión,en mi opinión]"
39,Feeling (sentir),Act II: Building Blocks,"[siento,sientes,siente,sentimos,sentís,sienten,sentir,sentirse,sentimiento,sensación]","[lo siento,me siento,te sientes,cómo te sientes,se siente,cómo se siente,nos sentimos,lo sentimos,os sentís,cómo os sentís,se sienten,cómo se sienten,sin sentir,hacerse sentir,hay que sentirse,al sentirse,un sentimiento,mi sentimiento,una sensación,la sensación]"
40,Meals & Food Details,Act II: Building Blocks,"[desayuno,almuerzo,cena,sopa,bocadillo,sándwich,hamburguesa,pizza,papas,helado,pastel,torta,chocolate,azúcar,sal,pimienta,aceite,vinagre,mantequilla,jamón]","[el desayuno,para el desayuno,el almuerzo,para el almuerzo,la cena,para la cena,la sopa,una sopa,un bocadillo,el bocadillo,un sándwich,el sándwich,una hamburguesa,la hamburguesa,una pizza,la pizza,las papas,papas fritas,un helado,el helado,un pastel,el pastel,una torta,la torta,el chocolate,con chocolate,el azúcar,con azúcar,la sal,con sal,la pimienta,con pimienta,el aceite,con aceite,el vinagre,con vinagre,la mantequilla,con mantequilla,el jamón,con jamón]"
41,Drinks & Beverages,Act II: Building Blocks,"[jugo,zumo,refresco,cerveza,vino,limonada,batido,licor,tinto,rosado,sidra,sangría,ron,vodka]","[el jugo,jugo de naranja,el zumo,zumo de manzana,un refresco,el refresco,una cerveza,la cerveza,el vino,vino blanco,la limonada,una limonada,un batido,el batido,el licor,un licor,vino tinto,el tinto,vino rosado,el rosado,la sidra,una sidra,la sangría,una sangría,el ron,con ron,el vodka,con vodka]"
42,Vegetables,Act II: Building Blocks,"[verdura,lechuga,pepino,zanahoria,brócoli,cebolla,ajo,maíz,guisantes,judías,pimiento,berenjena,apio,espinaca,aguacate]","[la verdura,una verdura,la lechuga,ensalada de lechuga,el pepino,un pepino,la zanahoria,una zanahoria,el brócoli,con brócoli,la cebolla,una cebolla,el ajo,con ajo,el maíz,con maíz,los guisantes,con guisantes,las judías,judías verdes,el pimiento,un pimiento,la berenjena,una berenjena,el apio,con apio,la espinaca,con espinaca,el aguacate,un aguacate]"
43,Fruits,Act II: Building Blocks,"[fresa,uva,limón,sandía,melón,piña,mango,pera,melocotón,cereza,kiwi,papaya,coco,frambuesa,mora]","[la fresa,una fresa,la uva,uvas verdes,el limón,jugo de limón,la sandía,una sandía,el melón,un melón,la piña,una piña,el mango,un mango,la pera,una pera,el melocotón,un melocotón,la cereza,una cereza,el kiwi,un kiwi,la papaya,una papaya,el coco,un coco,la frambuesa,con frambuesa,la mora,con mora]"
44,Need & Necessity (necesitar),Act II: Building Blocks,"[necesito,necesitas,necesita,necesitamos,necesitáis,necesitan,necesitar,necesidad]","[yo necesito,lo necesito,tú necesitas,qué necesitas,él necesita,lo necesita,nosotros necesitamos,lo necesitamos,vosotros necesitáis,qué necesitáis,ellos necesitan,lo necesitan,sin necesitar,hay que necesitar,la necesidad,por necesidad]"
45,Looking For (buscar),Act II: Building Blocks,"[busco,buscas,busca,buscamos,buscáis,buscan,buscar,hallar]","[yo busco,busco trabajo,tú buscas,qué buscas,él busca,busca ayuda,nosotros buscamos,lo buscamos,vosotros buscáis,qué buscáis,ellos buscan,lo buscan,hay que buscar,voy a buscar,sin hallar,puedo hallar]"
46,Telling Time,Act II: Building Blocks,"[hora,minuto,segundo,mediodía,medianoche,madrugada,noche,puntual,adelantado,reloj,cuarto,amanecer,atardecer,anochecer]","[qué hora,a qué hora,un minuto,en un minuto,un segundo,en un segundo,al mediodía,a mediodía,a medianoche,después de medianoche,de madrugada,a la madrugada,por la noche,esta noche,ser puntual,muy puntual,estar adelantado,muy adelantado,el reloj,mi reloj,y cuarto,menos cuarto,al amanecer,desde el amanecer,al atardecer,durante el atardecer,al anochecer,antes del anochecer]"
47,Directions & Position,Act II: Building Blocks,"[norte,sur,este,oeste,arriba,abajo,derecha,izquierda,recto,cerca,lejos,lado,enfrente,detrás,delante]","[el norte,hacia el norte,el sur,hacia el sur,el este,hacia el este,el oeste,hacia el oeste,ahí arriba,más arriba,ahí abajo,más abajo,a la derecha,por la derecha,a la izquierda,por la izquierda,todo recto,sigue recto,muy cerca,aquí cerca,muy lejos,bastante lejos,al lado,a un lado,ahí enfrente,justo enfrente,por detrás,ahí detrás,por delante,ahí delante]"
48,Prepositions (en con sin para),Act II: Building Blocks,"[en,de,a,con,sin,para,por,sobre,entre,desde,hasta,hacia,durante,mediante,ante]","[en casa,en el trabajo,de aquí,de nada,a casa,a la derecha,con todo,con cuidado,sin nada,sin problema,para ti,para siempre,por favor,por aquí,sobre todo,sobre la mesa,entre nosotros,entre amigos,desde aquí,desde ahora,hasta luego,hasta aquí,hacia allá,hacia adelante,durante el día,durante la noche,mediante esto,mediante el uso,ante todo,ante ti]"
49,Comparing Things,Act II: Building Blocks,"[más,menos,tan,tanto,mejor,peor,mayor,menor,igual,diferente,mismo,similar,distinto,superior,inferior]","[mucho más,un poco más,mucho menos,un poco menos,tan bueno,tan grande,tanto como,no tanto,mucho mejor,cada vez mejor,mucho peor,cada vez peor,la mayor,el mayor,la menor,el menor,es igual,todo igual,muy diferente,algo diferente,el mismo,lo mismo,muy similar,algo similar,muy distinto,algo distinto,muy superior,calidad superior,muy inferior,calidad inferior]"
50,Physical Actions,Act II: Building Blocks,"[correr,saltar,bailar,nadar,volar,sentar,acostar,despertar,respirar,arrastrar,patear,golpear,agarrar,rodar,gatear]","[voy a correr,me gusta correr,voy a saltar,puedo saltar,voy a bailar,me gusta bailar,voy a nadar,puedo nadar,puede volar,quiero volar,voy a sentar,hay que sentar,voy a acostar,hay que acostar,voy a despertar,puedo despertar,hay que respirar,puedo respirar,hay que arrastrar,puedo arrastrar,voy a patear,puedo patear,voy a golpear,no golpear,voy a agarrar,puedo agarrar,puede rodar,deja rodar,puede gatear,empieza a gatear]"
51,Names & Calling (llamar),Act II: Building Blocks,"[llamo,llamas,llama,llamamos,llamáis,llaman,llamar,llamarse,llamada,nombre]"
52,Giving (dar),Act II: Building Blocks,"[doy,das,da,damos,dais,dan,dar,regalo,donación,ofrenda]"
53,Seeing & Watching (ver),Act II: Building Blocks,"[veo,ves,ve,vemos,veis,ven,vista,mirar,observar,visión]"
54,Restaurant Vocabulary,Act II: Building Blocks,"[camarero,camarera,menú,carta,plato,vaso,copa,cuchara,cuchillo,tenedor,servilleta,comanda,propina,servir,reservar,taza]"
55,Shopping & Buying,Act II: Building Blocks,"[comprar,vender,pagar,costar,precio,barato,caro,oferta,descuento,factura,tarjeta,efectivo,caja,cajero,moneda,billete,carrito,devolución,garantía]"
56,Beginning (empezar),Act II: Building Blocks,"[empiezo,empiezas,empieza,empezamos,empezáis,empiezan,empezar,comienzo,comenzar,inicio]"
57,Continuing (seguir),Act II: Building Blocks,"[sigo,sigues,sigue,seguimos,seguís,siguen,seguir,parar,detenerse,avanzar]"
58,Furniture & Objects,Act II: Building Blocks,"[almohada,sábana,manta,armario,sofá,lámpara,alfombra,cortina,espejo,televisión,nevera,horno,estufa,microondas,lavadora,secadora,lavavajillas,colchón]"
59,Bathroom Items,Act II: Building Blocks,"[ducha,bañera,lavabo,inodoro,váter,jabón,champú,toalla,cepillo,peine,maquillaje,perfume,acondicionador,crema,desodorante]"
60,Health & Medical,Act II: Building Blocks,"[salud,médico,médica,enfermero,enfermera,paciente,medicina,pastilla,receta,dolor,fiebre,tos,resfriado,gripe,clínica,consulta,enfermedad,urgencias,sala,camilla]"
61,Knowing Facts (saber),Act III: Daily Life,"[sé,sabes,sabe,sabemos,sabéis,saben,saber,sabiduría,conocimiento,ignorancia]"
62,Knowing People/Places (conocer),Act III: Daily Life,"[conozco,conoces,conoce,conocemos,conocéis,conocen,conocer,conocido,desconocido]"
63,Technology & Internet,Act III: Daily Life,"[móvil,celular,portátil,tableta,internet,mensaje,aplicación,contraseña,pantalla,teclado,cámara,foto,video,descargar,cargar,procesador,cable,auriculares]"
64,Asking For Things (pedir),Act III: Daily Life,"[pido,pides,pide,pedimos,pedís,piden,pedir,petición,pedido,solicitud]"
65,Asking Questions (preguntar),Act III: Daily Life,"[pregunto,preguntas,pregunta,preguntamos,preguntáis,preguntan,preguntar,respuesta,contestar]"
66,Nature & Outdoors,Act III: Daily Life,"[naturaleza,árbol,planta,flor,hoja,bosque,montaña,río,lago,mar,playa,arena,roca,luna,estrella,cielo,tierra,fuego,prado,cascada]"
67,Sleeping (dormir),Act III: Daily Life,"[duermo,duermes,duerme,dormimos,dormís,duermen,dormir,siesta,roncar,insomnio]"
68,Playing (jugar),Act III: Daily Life,"[juego,juegas,juega,jugamos,jugáis,juegan,jugar,jugador,jugadora,partido]"
69,Sports,Act III: Daily Life,"[fútbol,baloncesto,tenis,béisbol,golf,voleibol,natación,atletismo,equipo,entrenador,entrenadora,empatar,gol,punto,ciclismo,boxeo,esquí,surf,escalada,patinaje]"
70,Hobbies & Interests,Act III: Daily Life,"[pasatiempo,escuchar,pintar,dibujar,cantar,fotografía,jardinería,coleccionar,entretenimiento,tejer,bordar,pescar,cazar,acampar]"
71,Leaving (salir),Act III: Daily Life,"[salgo,sales,sale,salimos,salís,salen,salir,salida,partida,marcha]"
72,Returning (volver),Act III: Daily Life,"[vuelvo,vuelves,vuelve,volvemos,volvéis,vuelven,volver,regreso,regresar,retorno]"
73,Music & Songs,Act III: Daily Life,"[música,canción,cantante,melodía,banda,grupo,concierto,instrumento,guitarra,piano,batería,violín,trompeta,disco,álbum,ritmo,coro,orquesta,flauta]"
74,Wearing & Carrying (llevar),Act III: Daily Life,"[llevo,llevas,lleva,llevamos,lleváis,llevan,llevar,puesto,portar,sostener]"
75,Bringing (traer),Act III: Daily Life,"[traigo,traes,trae,traemos,traéis,traen,traer,recado,encargo,acarrear]"
76,School & Education,Act III: Daily Life,"[colegio,instituto,materia,asignatura,matemáticas,ciencia,historia,geografía,idioma,español,inglés,literatura,arte,educación,estudiar,diploma,título,seminario,facultad,carrera,beca,cursillo,posgrado,rector]"
77,Deep Emotions,Act III: Daily Life,"[amor,odio,alegría,tristeza,ira,sorpresa,asco,vergüenza,orgullo,culpa,desesperación,soledad,estrés,calma,paz,emoción,angustia,júbilo,melancolía,pánico]"
78,Saying & Telling (decir),Act III: Daily Life,"[digo,dices,dice,decimos,decís,dicen,decir,verdad,mentira,palabra]"
79,Putting & Placing (poner),Act III: Daily Life,"[pongo,pones,pone,ponemos,ponéis,ponen,poner,ponerse,posición,orden]"
80,Travel & Tourism,Act III: Daily Life,"[turista,turismo,pasaporte,maleta,equipaje,hotel,reserva,vuelo,aeropuerto,estación,boleto,ida,vacaciones,agencia,temporada,aventura,guía turístico,souvenir,postal,gira]"
81,Banking & Money,Act III: Daily Life,"[dinero,débito,préstamo,interés,ahorrar,gastar,depositar,retirar,transferir,saldo,pago,euro,cheque,giro,hipoteca,finanzas,inversión,divisa]"
82,Finding (encontrar),Act III: Daily Life,"[encuentro,encuentras,encuentra,encontramos,encontráis,encuentran,encontrar,encontrarse,hallazgo,detectar]"
83,Waiting & Hoping (esperar),Act III: Daily Life,"[espero,esperas,espera,esperamos,esperáis,esperan,esperar,esperanza,paciencia]"
84,Business Terms,Act III: Daily Life,"[compañía,gerente,gerenta,director,directora,departamento,presentación,informe,producto,servicio,socio,accionista,ganancia,pérdida,facturación,rentabilidad,expansión,sucursal,matriz,dividendo]"
85,Believing (creer),Act III: Daily Life,"[creo,crees,cree,creemos,creéis,creen,creer,creencia,fe,incredulidad]"
86,Living (vivir),Act III: Daily Life,"[vivo,vives,vive,vivimos,vivís,viven,vivir,vida,vivienda,convivencia]"
87,Cooking Verbs,Act III: Daily Life,"[ingrediente,cortar,mezclar,hervir,freír,hornear,asar,sartén,olla,tabla,probar,delicioso,picar,rallar,batir,amasar,saltear,guisar,marinar,descongelar]"
88,Physical Appearance,Act III: Daily Life,"[aspecto,guapo,hermoso,atractivo,elegante,informal,belleza,estilo,moda,peinado,barba,bigote,delgado,gordo,musculoso,calvo,cabello,cejas,pestañas]"
89,Receiving (recibir),Act III: Daily Life,"[recibo,recibes,recibe,recibimos,recibís,reciben,recibir,recepción,receptor,obtener]"
90,Sending (enviar),Act III: Daily Life,"[envío,envías,envía,enviamos,enviáis,envían,enviar,mandar,remitir]"
91,Personal Qualities,Act III: Daily Life,"[estúpido,cruel,generoso,tacaño,mentiroso,perezoso,responsable,irresponsable,impaciente,valiente,cobarde,antipático,optimista,pesimista,humilde,orgulloso,modesto,vanidoso,sincero,leal]"
92,Opening (abrir),Act III: Daily Life,"[abro,abres,abre,abrimos,abrís,abren,abrir,apertura,abridor,destapar]"
93,Closing (cerrar),Act III: Daily Life,"[cierro,cierras,cierra,cerramos,cerráis,cierran,cerrar,cierre,cerrado,cerradura]"
94,Internet & Web,Act III: Daily Life,"[web,sitio,página,enlace,navegador,navegar,conectar,desconectar,red,wifi,señal,usuario,usuaria,seguro,privado,público,archivo,carpeta,actualizar]"
95,Relationships,Act III: Daily Life,"[relación,amistad,amigo,amiga,enemigo,enemiga,conocida,pareja,matrimonio,divorcio,boda,compromiso,anillo,besar,abrazar,amar,vecino,vecina,colega,confidente]"
96,Reading (leer),Act III: Daily Life,"[leo,lees,lee,leemos,leéis,leen,leer,lectura,lector,lectora]"
97,Writing (escribir),Act III: Daily Life,"[escribo,escribes,escribe,escribimos,escribís,escriben,escribir,escritura,escritor,redactar]"
98,Government & Politics,Act III: Daily Life,"[gobierno,presidente,presidenta,ministro,ministra,político,política,elección,votar,voto,ley,constitución,congreso,senado,democracia,ciudadano,ciudadana,país,nación,referéndum]"
99,Showing (mostrar),Act III: Daily Life,"[muestro,muestras,muestra,mostramos,mostráis,muestran,mostrar,presentar,exhibir,exponer]"
100,Explaining (explicar),Act III: Daily Life,"[explico,explicas,explica,explicamos,explicáis,explican,explicar,explicación,entender,comprensión]"
101,Law & Legal,Act IV: Expanding Expression,"[abogado,abogada,juez,jueza,juicio,tribunal,corte,delito,crimen,prisión,cárcel,multa,sentencia,inocente,culpable,testigo,prueba,justicia,demanda,veredicto]"
102,Remembering (recordar),Act IV: Expanding Expression,"[recuerdo,recuerdas,recuerda,recordamos,recordáis,recuerdan,recordar,recuerdos,memorias,memoria]"
103,Forgetting (olvidar),Act IV: Expanding Expression,"[olvido,olvidas,olvida,olvidamos,olvidáis,olvidan,olvidar,olvidarse,olvidadizo,olvidos]"
104,Science Terms,Act IV: Expanding Expression,"[científico,científica,experimento,investigación,descubrimiento,teoría,hipótesis,resultado,dato,evidencia,método,tecnología,innovación,invento,descubrir,investigar,observación,variable,constante]"
105,Learning (aprender),Act IV: Expanding Expression,"[aprendo,aprendes,aprende,aprendemos,aprendéis,aprenden,aprender,aprendiz,alumno,aprendizaje]"
106,Teaching (enseñar),Act IV: Expanding Expression,"[enseño,enseñas,enseña,enseñamos,enseñáis,enseñan,enseñar,enseñanza,maestro,instructor]"
107,Environment & Nature,Act IV: Expanding Expression,"[ambiente,contaminación,reciclaje,basura,plástico,vidrio,cartón,energía,petróleo,gas,electricidad,solar,eólica,nuclear,limpio,sucio,planeta,cuidar,conservar,preservar]"
108,Changing (cambiar),Act IV: Expanding Expression,"[cambio,cambias,cambia,cambiamos,cambiáis,cambian,cambiar,intercambio,transformación,modificación]"
109,Improving (mejorar),Act IV: Expanding Expression,"[mejoro,mejoras,mejora,mejoramos,mejoráis,mejoran,mejorar,mejoramiento,progreso,empeorar]"
110,Media & News,Act IV: Expanding Expression,"[medios,radio,periódico,revista,noticia,artículo,reportaje,periodista,presentador,presentadora,entrevista,programa,canal,emisora,transmitir,informar,comunicar,prensa]"
111,Trying (intentar),Act IV: Expanding Expression,"[intento,intentas,intenta,intentamos,intentáis,intentan,intentar,tratar,ensayar]"
112,Getting & Achieving (conseguir),Act IV: Expanding Expression,"[consigo,consigues,consigue,conseguimos,conseguís,consiguen,conseguir,adquirir,conquistar]"
113,Geography,Act IV: Expanding Expression,"[mapa,continente,océano,frontera,capital,región,provincia,estado,costa,isla,península,desierto,selva,valle,llanura,lejano,hemisferio,trópico,ecuador,polo,latitud]"
114,Seeming & Appearing (parecer),Act IV: Expanding Expression,"[parezco,pareces,parece,parecemos,parecéis,parecen,parecer,parecerse,parecido,apariencia]"
115,Staying & Meeting (quedar),Act IV: Expanding Expression,"[quedo,quedas,queda,quedamos,quedáis,quedan,quedar,quedarse,reunirse,verse]"
116,Art & Culture,Act IV: Expanding Expression,"[artista,pintura,cuadro,escultura,galería,exposición,obra,moderno,clásico,contemporáneo,diseñar,cultura,cultural,artística,grabado,tallado,retrato,paisaje]"
117,Arriving (llegar),Act IV: Expanding Expression,"[llego,llegas,llega,llegamos,llegáis,llegan,llegar,llegada,arribo,retrasado]"
118,Happening (pasar),Act IV: Expanding Expression,"[paso,pasas,pasa,pasamos,pasáis,pasan,pasar,pasado,ocurrencia,acontecimiento]"
119,Religion & Faith,Act IV: Expanding Expression,"[religión,dios,diosa,iglesia,templo,mezquita,sinagoga,sacerdote,cura,rabino,imán,rezar,orar,oración,santo,santa,bendecir,espiritualidad,devoción,piedad]"
120,Letting & Leaving (dejar),Act IV: Expanding Expression,"[dejo,dejas,deja,dejamos,dejáis,dejan,dejar,abandono,renuncia,autorizar]"
121,Using (usar),Act IV: Expanding Expression,"[uso,usas,usa,usamos,usáis,usan,usar,utilidad,utilizar,emplear]"
122,Tools & Building,Act IV: Expanding Expression,"[herramienta,martillo,clavo,tornillo,destornillador,llave,tijeras,sierra,taladro,escalera,cinta,pegamento,cuerda,alambre,construir,reparar,arreglar,máquina,motor,lijar]"
123,Telling & Counting (contar),Act IV: Expanding Expression,"[cuento,cuentas,cuenta,contamos,contáis,cuentan,contar,relato,narración,chisme]"
124,Creating (crear),Act IV: Expanding Expression,"[creas,crea,creamos,creáis,crean,crear,creación,creador,inventar,elaborar]"
125,Personality Types,Act IV: Expanding Expression,"[carácter,tímido,extrovertido,serio,divertido,realista,idealista,temperamento,humor,introvertido,inseguro,maduro,inmaduro,sensible,reservado,sociable,solitario,curioso,ingenuo,astuto]"
126,Going Up (subir),Act IV: Expanding Expression,"[subo,subes,sube,subimos,subís,suben,subir,subida,ascenso,elevación]"
127,Going Down (bajar),Act IV: Expanding Expression,"[bajo,bajas,baja,bajamos,bajáis,bajan,bajar,bajada,descenso]"
128,Emergency & Safety,Act IV: Expanding Expression,"[emergencia,accidente,peligro,peligroso,policía,bomberos,ambulancia,ayuda,socorro,urgente,salvar,rescatar,seguridad,cuidado,alarma,evacuación,primeros auxilios,extinguidor]"
129,Falling (caer),Act IV: Expanding Expression,"[caigo,caes,cae,caemos,caéis,caen,caer,tropiezo,resbalón,deslizarse]"
130,Lifting & Waking (levantar),Act IV: Expanding Expression,"[levanto,levantas,levanta,levantamos,levantáis,levantan,levantar,levantarse,despertador,alzar]"
131,Materials,Act IV: Expanding Expression,"[material,madera,metal,hierro,acero,aluminio,cobre,oro,plata,cristal,goma,tela,algodón,lana,seda,cuero,cemento,piedra,bronce,latón]"
132,Touching & Playing Music (tocar),Act IV: Expanding Expression,"[toco,tocas,toca,tocamos,tocáis,tocan,tocar,toque,tacto,contacto]"
133,Breaking (romper),Act IV: Expanding Expression,"[rompo,rompes,rompe,rompemos,rompéis,rompen,romper,rotura,roto,fractura]"
134,Farming & Agriculture,Act IV: Expanding Expression,"[agricultura,campo,granja,granjero,granjera,agricultor,agricultora,cosecha,sembrar,cultivar,regar,cultivo,trigo,semilla,tractor,ganado,arar,podar,injertar,abono]"
135,Sharing (compartir),Act IV: Expanding Expression,"[comparto,compartes,comparte,compartimos,compartís,comparten,compartir,repartir,dividir,distribuir]"
136,Participating (participar),Act IV: Expanding Expression,"[participo,participas,participa,participamos,participáis,participan,participar,participación,participante,colaborar]"
137,Math Operations,Act IV: Expanding Expression,"[número,sumar,restar,multiplicar,cálculo,ecuación,solución,suma,resta,multiplicación,división,porcentaje,fracción,decimal,raíz,potencia,exponente,logaritmo,geometría]"
138,Preparing (preparar),Act IV: Expanding Expression,"[preparo,preparas,prepara,preparamos,preparáis,preparan,preparar,preparación,preparativo,listo]"
139,Cooking (cocinar),Act IV: Expanding Expression,"[cocino,cocinas,cocina,cocinamos,cocináis,cocinan,cocinar,cocinera,chef,ayudante]"
140,History Terms,Act IV: Expanding Expression,"[presente,futuro,siglo,época,periodo,guerra,rey,reina,emperador,emperatriz,imperio,revolución,independencia,batalla,héroe,heroína,histórico,colonia,conquista,tratado]"
141,Accepting (aceptar),Act V: Intermediate Mastery,"[acepto,aceptas,acepta,aceptamos,aceptáis,aceptan,aceptar,aceptación,aprobación,admisión]"
142,Rejecting (rechazar),Act V: Intermediate Mastery,"[rechazo,rechazas,rechaza,rechazamos,rechazáis,rechazan,rechazar,negación,denegación]"
143,Space & Universe,Act V: Intermediate Mastery,"[espacio,universo,sistema,galaxia,astronauta,cohete,nave,satélite,órbita,gravedad,explorar,telescopio,cometa,asteroide,nebulosa,agujero negro,constelación,meteorito,eclipse]"
144,Offering (ofrecer),Act V: Intermediate Mastery,"[ofrezco,ofreces,ofrece,ofrecemos,ofrecéis,ofrecen,ofrecer,ofrecimiento,proponer,propuesta]"
145,Promising (prometer),Act V: Intermediate Mastery,"[prometo,prometes,promete,prometemos,prometéis,prometen,prometer,promesa,juramento,jurar]"
146,Chemistry Terms,Act V: Intermediate Mastery,"[química,químico,elemento,átomo,molécula,reacción,compuesto,ácido,base,líquido,sólido,disolver,tubo,fórmula,oxígeno,hidrógeno,carbono,nitrógeno,sustancia]"
147,Moving (mover),Act V: Intermediate Mastery,"[muevo,mueves,mueve,movemos,movéis,mueven,mover,moverse,movimiento,trasladar]"
148,Stopping (detener),Act V: Intermediate Mastery,"[detengo,detienes,detiene,detenemos,detenéis,detienen,detener,parada,frenar,interrumpir]"
149,Military Terms,Act V: Intermediate Mastery,"[ejército,soldado,oficial,general,capitán,capitana,arma,fusil,pistola,bomba,tanque,luchar,marina,infantería,artillería,coronel,sargento]"
150,Continuing (continuar),Act V: Intermediate Mastery,"[continúo,continúas,continúa,continuamos,continuáis,continúan,continuar,continuación,proseguir,persistir]"
151,Finishing (terminar),Act V: Intermediate Mastery,"[termino,terminas,termina,terminamos,termináis,terminan,terminar,final,acabar,conclusión]"
152,Literature & Books,Act V: Intermediate Mastery,"[escritora,autor,autora,novela,poesía,poema,poeta,personaje,trama,capítulo,publicar,editorial,narrativa,prosa,verso,estrofa,rima,género,ensayo]"
153,Developing (desarrollar),Act V: Intermediate Mastery,"[desarrollo,desarrollas,desarrolla,desarrollamos,desarrolláis,desarrollan,desarrollar,evolución,avance,adelanto]"
154,Producing (producir),Act V: Intermediate Mastery,"[produzco,produces,produce,producimos,producís,producen,producción,fabricar]"
155,Construction,Act V: Intermediate Mastery,"[construcción,edificio,piso,arquitecto,arquitecta,ingeniero,ingeniera,albañil,obrero,ladrillo,viga,plano,cimentación,estructura,andamio,grúa,excavadora,carpintería,fontanería]"
156,Directing (dirigir),Act V: Intermediate Mastery,"[dirijo,diriges,dirige,dirigimos,dirigís,dirigen,dirigir,liderazgo,guiar,orientar]"
157,Organizing (organizar),Act V: Intermediate Mastery,"[organizo,organizas,organiza,organizamos,organizáis,organizan,organizar,organización,planificación,clasificar]"
158,Theater & Acting,Act V: Intermediate Mastery,"[teatro,actor,actriz,escenario,telón,audiencia,espectador,espectadora,actuar,representar,guion,escena,acto,aplaudir,drama,comedia,tragedia,monólogo,dramaturgo,libreto]"
159,Traveling (viajar),Act V: Intermediate Mastery,"[viajo,viajas,viaja,viajamos,viajáis,viajan,viajar,viajero,viaje,travesía]"
160,Resting (descansar),Act V: Intermediate Mastery,"[descanso,descansas,descansa,descansamos,descansáis,descansan,descansar,reposo,relajarse,relajación]"
161,Philosophy Terms,Act V: Intermediate Mastery,"[filosofía,filósofo,filósofa,concepto,realidad,conciencia,mente,alma,ética,moral,lógica,reflexionar,metafísica,epistemología,ontología,dialéctica,racionalismo,empirismo,esencia]"
162,Practicing (practicar),Act V: Intermediate Mastery,"[practico,practicas,practica,practicamos,practicáis,practican,practicar,práctica,entrenamiento]"
163,Winning & Earning (ganar),Act V: Intermediate Mastery,"[gano,ganas,gana,ganamos,ganáis,ganan,ganar,victoria,premio]"
164,Dance & Dancing,Act V: Intermediate Mastery,"[baile,danza,bailarín,bailarina,vals,tango,salsa,flamenco,ballet,coreografía,girar,pista,discoteca,fiesta,pirueta,zapateo,compás,desliz,vuelta,reverencia]"
165,Losing (perder),Act V: Intermediate Mastery,"[pierdo,pierdes,pierde,perdemos,perdéis,pierden,perder,derrota,extravío]"
166,Forming (formar),Act V: Intermediate Mastery,"[formo,formas,forma,formamos,formáis,forman,formar,formación,molde]"
167,Fashion & Style,Act V: Intermediate Mastery,"[diseñador,diseñadora,modelo,pasarela,tendencia,vintage,marca,boutique,desfile,vestir,lucir,accesorio,costura,tejido,patrón,hilo,aguja]"
168,Reaching (alcanzar),Act V: Intermediate Mastery,"[alcanzo,alcanzas,alcanza,alcanzamos,alcanzáis,alcanzan,alcanzar,alcance,meta,objetivo]"
169,Maintaining (mantener),Act V: Intermediate Mastery,"[mantengo,mantienes,mantiene,mantenemos,mantenéis,mantienen,mantener,mantenimiento,conservación,preservación]"
170,Psychology Terms,Act V: Intermediate Mastery,"[psicología,psicólogo,psicóloga,cerebro,comportamiento,conducta,inteligencia,trauma,terapia,tratamiento,analizar,comprender,sesión,sanar,subconsciente,ansiedad,depresión,neurosis,psicosis,fobia]"
171,Solving (resolver),Act V: Intermediate Mastery,"[resuelvo,resuelves,resuelve,resolvemos,resolvéis,resuelven,resolver,solucionar,despejar,desentrañar]"
172,Avoiding (evitar),Act V: Intermediate Mastery,"[evito,evitas,evita,evitamos,evitáis,evitan,evitar,prevenir,prevención,evasión]"
173,Journalism Terms,Act V: Intermediate Mastery,"[periodismo,columna,titular,portada,redacción,fuente,editor,editora,edición,suplemento,sección,corresponsal,enviado,colaborador,crónica,exclusiva,primicia,rueda de prensa]"
174,Supposing (suponer),Act V: Intermediate Mastery,"[supongo,supones,supone,suponemos,suponéis,suponen,suponer,suposición,imaginar,asumir]"
175,Meaning (significar),Act V: Intermediate Mastery,"[significo,significas,significa,significamos,significáis,significan,significar,significado,sentido,definición]"
176,Photography Terms,Act V: Intermediate Mastery,"[fotógrafo,fotógrafa,imagen,flash,enfoque,luz,sombra,contraste,color,capturar,procesar,editar,obturador,diafragma,zoom,trípode,filtro]"
177,Choosing (elegir),Act V: Intermediate Mastery,"[elijo,eliges,elige,elegimos,elegís,eligen,elegir,escoger,seleccionar,opción]"
178,Deciding (decidir),Act V: Intermediate Mastery,"[decido,decides,decide,decidimos,decidís,deciden,decidir,decisión,determinación,resolución]"
179,Marketing & Advertising,Act V: Intermediate Mastery,"[marketing,publicidad,anuncio,campaña,logo,eslogan,consumidor,estrategia,promocionar,competencia,publicitar,promoción,target,segmento,posicionamiento,lanzamiento,reputación,fidelización]"
180,Appearing (aparecer),Act V: Intermediate Mastery,"[aparezco,apareces,aparece,aparecemos,aparecéis,aparecen,aparecer,aparición,surgir,manifestarse]"
181,Disappearing (desaparecer),Act VI: Advanced Constructs,"[desaparezco,desapareces,desaparece,desaparecemos,desaparecéis,desaparecen,desaparecer,desaparición,perderse,esfumarse]"
182,Telecommunications,Act VI: Advanced Constructs,"[telecomunicaciones,SMS,WhatsApp,email,videollamada,cobertura,router,antena,marcación,tono,buzón,extensión,centralita,conferencia,roaming,datos,ancho de banda,fibra,operador,proveedor]"
183,Birthdays & Fulfilling (cumplir),Act VI: Advanced Constructs,"[cumplo,cumples,cumple,cumplimos,cumplís,cumplen,cumplir,cumpleaños,cumplimiento,celebración]"
184,Missing & Lacking (faltar),Act VI: Advanced Constructs,"[falto,faltas,falta,faltamos,faltáis,faltan,faltar,ausencia,carencia]"
185,Tourism Terms,Act VI: Advanced Constructs,"[atracción,monumento,hostal,pensión,albergue,guía,visitar,itinerario,recorrido,caminata,senderismo,alojamiento,hospedaje,posada,cabaña,tienda de campaña,mochilero,safari,crucero]"
186,Noticing (notar),Act VI: Advanced Constructs,"[noto,notas,nota,notamos,notáis,notan,notar,percepción,percibir]"
187,Allowing (permitir),Act VI: Advanced Constructs,"[permito,permites,permite,permitimos,permitís,permiten,permitir,permiso,autorización,consentimiento]"
188,Manufacturing Terms,Act VI: Advanced Constructs,"[fabricación,fábrica,línea,procesos,proceso,calidad,defecto,estándar,eficiencia,optimizar,industria,ensamblaje,montaje,componente,pieza,repuesto,inventario,almacenamiento]"
189,Achieving (lograr),Act VI: Advanced Constructs,"[logro,logras,logra,logramos,lográis,logran,lograr,éxito,obtención]"
190,Performing (realizar),Act VI: Advanced Constructs,"[realizo,realizas,realiza,realizamos,realizáis,realizan,realizar,realización,ejecución,desempeño]"
191,Economics Terms,Act VI: Advanced Constructs,"[economía,economista,bolsa,acción,bono,crédito,inflación,crisis,invertir,PIB,déficit,superávit,deuda,recesión,prosperidad,desempleo,productividad,competitividad,activo]"
192,Existing (existir),Act VI: Advanced Constructs,"[existo,existes,existe,existimos,existís,existen,existir,existencia,presencia]"
193,Depending (depender),Act VI: Advanced Constructs,"[dependo,dependes,depende,dependemos,dependéis,dependen,depender,dependencia,basarse,apoyarse]"
194,Retail & Sales,Act VI: Advanced Constructs,"[comercio,comerciante,vendedor,vendedora,comprador,compradora,mostrador,escaparate,vitrina,probador,ticket,rebaja,minorista,mayorista,distribuidor,existencias,stock,surtido,suministro]"
195,Belonging (pertenecer),Act VI: Advanced Constructs,"[pertenezco,perteneces,pertenece,pertenecemos,pertenecéis,pertenecen,pertenecer,pertenencia,propiedad,miembro]"
196,Deserving (merecer),Act VI: Advanced Constructs,"[merezco,mereces,merece,merecemos,merecéis,merecen,merecer,mérito,merecimiento,dignidad]"
197,Insurance Terms,Act VI: Advanced Constructs,"[asegurar,póliza,siniestro,indemnización,beneficiario,aseguradora,agente,cubrir,reclamar,riesgo,responsabilidad,deducible,renovar,asegurado,beneficio,contingencia,siniestralidad,franquicia,exclusión]"
198,Suffering (sufrir),Act VI: Advanced Constructs,"[sufro,sufres,sufre,sufrimos,sufrís,sufren,sufrir,sufrimiento,padecer,agonía]"
199,Enjoying (disfrutar),Act VI: Advanced Constructs,"[disfruto,disfrutas,disfruta,disfrutamos,disfrutáis,disfrutan,disfrutar,disfrute,goce,placer]"
200,Real Estate Terms,Act VI: Advanced Constructs,"[bienes,inmueble,terreno,alquilar,alquiler,renta,propietario,propietaria,inquilino,inquilina,valorar,inmobiliaria,lote,parcela,arrendamiento,desalojo,embargo]"
201,Occurring (ocurrir),Act VI: Advanced Constructs,"[ocurro,ocurres,ocurre,ocurrimos,ocurrís,ocurren,ocurrir,evento,tener lugar,acaecer]"
202,Happening (suceder),Act VI: Advanced Constructs,"[sucedo,sucedes,sucede,sucedemos,sucedéis,suceden,suceder,suceso,acontecer]"
203,Aviation Terms,Act VI: Advanced Constructs,"[aviación,piloto,copiloto,azafata,auxiliar,despegue,aterrizaje,turbulencia,pasajero,pasajera,facturar,embarcar,cabina,tripulación,altitud,velocidad,torre,hangar]"
204,Protecting (proteger),Act VI: Advanced Constructs,"[protejo,proteges,protege,protegemos,protegéis,protegen,proteger,protección,resguardo,salvaguardar]"
205,Defending (defender),Act VI: Advanced Constructs,"[defiendo,defiendes,defiende,defendemos,defendéis,defienden,defender,defensa,defensor,custodio]"
206,Logistics & Shipping,Act VI: Advanced Constructs,"[logística,transporte,distribución,almacén,mercancía,entrega,destinatario,remitente,paquete,contenedor,camión,rastrear,gestionar,coordinar,flete,aduana,aranceles,tránsito,bodega,depósito]"
207,Reducing (reducir),Act VI: Advanced Constructs,"[reduzco,reduces,reduce,reducimos,reducís,reducen,reducir,reducción,disminución,recorte]"
208,Increasing (aumentar),Act VI: Advanced Constructs,"[aumento,aumentas,aumenta,aumentamos,aumentáis,aumentan,aumentar,incremento,alza,auge]"
209,Pharmaceutical Terms,Act VI: Advanced Constructs,"[farmacéutico,medicamento,píldora,cápsula,jarabe,inyección,vacuna,dosis,efecto,secundario,curar,aliviar,genérico,patente,prospecto,posología,contraindicación,interacción]"
210,Demonstrating (demostrar),Act VI: Advanced Constructs,"[demuestro,demuestras,demuestra,demostramos,demostráis,demuestran,demostrar,demostración,evidenciar,verificar]"
211,Checking (comprobar),Act VI: Advanced Constructs,"[compruebo,compruebas,comprueba,comprobamos,comprobáis,comprueban,comprobar,comprobación,verificación,revisión]"
212,Energy & Power,Act VI: Advanced Constructs,"[eléctrico,renovable,sostenible,carbón,central,generar,consumir,consumo,panel,turbina,hidroeléctrica,geotérmica,biomasa,voltaje,amperaje,corriente,transformador,generador,red eléctrica]"
213,Thanking (agradecer),Act VI: Advanced Constructs,"[agradezco,agradeces,agradece,agradecemos,agradecéis,agradecen,agradecer,agradecimiento,gratitud,reconocer]"
214,Congratulating (felicitar),Act VI: Advanced Constructs,"[felicito,felicitas,felicita,felicitamos,felicitáis,felicitan,felicitar,felicitación,felicidades,enhorabuena]"
215,Automotive Terms,Act VI: Advanced Constructs,"[automotriz,automóvil,carro,vehículo,rueda,neumático,freno,acelerador,volante,gasolina,diesel,taller,mecánico,mecánica,revisar,aparcar,transmisión,embrague,radiador,alternador]"
216,Suggesting (sugerir),Act VI: Advanced Constructs,"[sugiero,sugieres,sugiere,sugerimos,sugerís,sugieren,sugerir,sugerencia,consejo]"
217,Recommending (recomendar),Act VI: Advanced Constructs,"[recomiendo,recomiendas,recomienda,recomendamos,recomendáis,recomiendan,recomendar,recomendación,asesoramiento]"
218,Subjunctive Triggers,Act VI: Advanced Constructs,"[dudar,temer,alegrarse,preferir,insistir,rogar,exigir,ojalá,probable,necesario,importante,prohibir,ordenar,aconsejar,improbable,dudoso,increíble]"
219,Convincing (convencer),Act VI: Advanced Constructs,"[convenzo,convences,convence,convencemos,convencéis,convencen,convencer,convencido,persuadir,convicción]"
220,Trusting (confiar),Act VI: Advanced Constructs,"[confío,confías,confía,confiamos,confiáis,confían,confiar,confianza,fiar,entregar]"
221,Past Subjunctive Forms,Act VII: Mastery & Fluency,"[tuviera,pudiera,fuera,estuviera,hubiera,hiciera,dijera,viniera,supiera,diera,viera,pensara,hablara,comiera,viviera,trabajara,estudiara,necesitara,esperara,quisiera]"
222,Dreaming (soñar),Act VII: Mastery & Fluency,"[sueñas,sueña,soñamos,soñáis,sueñan,soñar,soñador,sueños,pesadilla,ensueño]"
223,Agreeing (acordar),Act VII: Mastery & Fluency,"[acuerdo,acuerdas,acuerda,acordamos,acordáis,acuerdan,acordar,convenio,pacto]"
224,Robotics & AI Terms,Act VII: Mastery & Fluency,"[robot,robótica,algoritmo,procesamiento,automatización,reconocimiento,programar,entrenar,patrones,predecir,chatbot,singularidad,sensor,actuador,servo,código,script,interfaz,módulo,rutina]"
225,Warming (calentar),Act VII: Mastery & Fluency,"[caliento,calientas,calienta,calentamos,calentáis,calientan,calentar,calentamiento,tibio,templado]"
226,Cooling (enfriar),Act VII: Mastery & Fluency,"[enfrío,enfrías,enfría,enfriamos,enfriáis,enfrían,enfriar,enfriamiento,refrigeración,escarchado]"
227,Alternative Medicine,Act VII: Mastery & Fluency,"[acupuntura,homeopatía,naturopatía,reiki,aromaterapia,hierbas,yoga,meditación,ayurveda,quiropráctica,masaje,equilibrar,chakras,reflexología,holístico,bienestar,energético,espiritual,natural]"
228,Hiding (esconder),Act VII: Mastery & Fluency,"[escondo,escondes,esconde,escondemos,escondéis,esconden,esconder,esconderse,escondite,ocultar]"
229,Revealing & Exposing (revelar),Act VII: Mastery & Fluency,"[revelo,revelas,revela,revelamos,reveláis,revelan,revelar,revelación,desvelar,secreto]"
230,Virtual Reality Terms,Act VII: Mastery & Fluency,"[virtual,aumentada,mixta,avatar,metaverso,gafas,visor,inmersión,entorno,simulación,experiencia,interactuar,mundos,mundo,dimensión,holográfico,simulador,inmersivo,sensorial]"
231,Measuring (medir),Act VII: Mastery & Fluency,"[mido,mides,mide,medimos,medís,miden,medir,medida,medición]"
232,Weighing (pesar),Act VII: Mastery & Fluency,"[peso,pesas,pesa,pesamos,pesáis,pesan,pesar,báscula,kilogramo,gramo]"
233,Cryptocurrency Terms,Act VII: Mastery & Fluency,"[criptomoneda,bitcoin,ethereum,blockchain,token,billetera,minero,transacción,exchange,clave,hash,minar,bull,descentralización,altcoin,staking,defi,nft]"
234,Establishing & Founding (fundar),Act VII: Mastery & Fluency,"[fundo,fundas,funda,fundamos,fundáis,fundan,fundar,fundación,fundador,fundadora]"
235,Concluding & Wrapping Up (concluir),Act VII: Mastery & Fluency,"[concluyo,concluyes,concluye,concluimos,concluís,concluyen,concluir,clausura,desenlace,epílogo]"
236,Sustainable Living,Act VII: Mastery & Fluency,"[reutilización,compostaje,productos,alimentación,reutilizar,reciclar,compostar,permacultura,ecológico,orgánico,biodegradable,huella,local,consciente,minimalismo,estacional,cíclico,duradero]"
237,Pushing (empujar),Act VII: Mastery & Fluency,"[empujo,empujas,empuja,empujamos,empujáis,empujan,empujar,empujón,impulso,presión]"
238,Pulling (tirar),Act VII: Mastery & Fluency,"[tiro,tiras,tira,tiramos,tiráis,tiran,tirar,tirón,jalar,tracción]"
239,Combining (combinar),Act VII: Mastery & Fluency,"[combino,combinas,combina,combinamos,combináis,combinan,combinar,combinación,mezcla,fusión]"
240,Separating (separar),Act VII: Mastery & Fluency,"[separo,separas,separa,separamos,separáis,separan,separar,separarse,separación,apartar]"
241,Dying (morir),Act VII: Mastery & Fluency,"[muero,mueres,muere,morimos,morís,mueren,morir,muerte,fallecimiento,difunto]"
242,Irregular Past Forms,Act VII: Mastery & Fluency,"[fui,fuiste,fue,fuimos,fuisteis,fueron,hice,hiciste,hizo,hicimos,hicisteis,hicieron,tuve,tuviste,tuvo,tuvimos,tuvisteis,tuvieron]"
243,Growing (crecer),Act VII: Mastery & Fluency,"[crezco,creces,crece,crecemos,crecéis,crecen,crecer,crecimiento,maduración,brote]"
244,Aging (envejecer),Act VII: Mastery & Fluency,"[envejezco,envejeces,envejece,envejecemos,envejecéis,envejecen,envejecer,envejecimiento,vejez,anciano]"
245,Command Forms,Act VII: Mastery & Fluency,"[haz,di,pon,ten,toma,mira,escucha,habla,come,bebe,siéntate,levántate,cállate,párte,dame,dime,ponte,hazlo,vete,quédate]"
246,Reflexive Pronouns,Act VII: Mastery & Fluency,"[me,te,se,nos,os,lavarse,acostarse,sentarse,peinarse,afeitarse,maquillarse,bañarse,cepillarse,mirarse,arreglarse,prepararse]"
247,Gerund Forms,Act VII: Mastery & Fluency,"[hablando,comiendo,viviendo,haciendo,diciendo,poniendo,viniendo,yendo,siendo,teniendo,pudiendo,sabiendo,saliendo,durmiendo,leyendo,oyendo,trayendo,cayendo]"
248,Perfect Tenses,Act VII: Mastery & Fluency,"[he,has,ha,hemos,habéis,han,había,habías,habíamos,habíais,habían,habré,habrás,habrá,habremos,habréis,habrán,dicho]"
249,Future Forms,Act VII: Mastery & Fluency,"[vendré,vendrás,vendrá,vendremos,vendréis,vendrán,haré,harás,hará,haremos,haréis,harán,tendré,tendrás,tendrá,tendremos,tendréis,tendrán]"
250,Common Idioms,Act VII: Mastery & Fluency,"[estar en las nubes,meter la pata,echar de menos,dar la vuelta,tomar el pelo,ponerse las pilas,estar al día,hacer la vista gorda,tirar la toalla,estar hecho polvo,ser pan comido,costar un ojo de la cara,hablar por los codos,estar como una cabra,tener mala leche,no pegar ojo,ir al grano,estar hasta las narices,dar en el clavo,poner los pelos de punta,no dar ni golpe]"
