Pack_Number,Pack_Title,Difficulty_Act,Chinese_Base_Words,Chinese_Example_Words,Chinese_Combined_Words
1,Greetings & Goodbyes,Act I: Foundation,"[你好,您好,早安,午安,晚安,再见,拜拜,回头见,谢谢,多谢,不客气,对不起,没关系,请,欢迎,好久不见,再会,保重,慢走]","[你好吗,你好啊,您好先生,您好请问,早安朋友,说声早安,午安各位,祝你午安,晚安宝贝,说声晚安,再见朋友,说声再见,拜拜了,说声拜拜,回头见啊,我们回头见,谢谢你,谢谢大家,多谢帮忙,多谢关心,太不客气了,别不客气,对不起我迟到了,说声对不起,没关系的,真的没关系,请坐,请进,欢迎光临,欢迎回来,好久不见了,我们好久不见,再会朋友,我们再会,保重身体,请保重,慢走啊,请慢走]","[你好,您好,早安,午安,晚安,再见,拜拜,回头见,谢谢,多谢,不客气,对不起,没关系,请,欢迎,好久不见,再会,保重,慢走,你好吗,你好啊,您好先生,您好请问,早安朋友,说声早安,午安各位,祝你午安,晚安宝贝,说声晚安,再见朋友,说声再见,拜拜了,说声拜拜,回头见啊,我们回头见,谢谢你,谢谢大家,多谢帮忙,多谢关心,太不客气了,别不客气,对不起我迟到了,说声对不起,没关系的,真的没关系,请坐,请进,欢迎光临,欢迎回来,好久不见了,我们好久不见,再会朋友,我们再会,保重身体,请保重,慢走啊,请慢走]"
2,Personal Pronouns,Act I: Foundation,"[我,你,您,他,她,它,我们,你们,他们,她们,咱们,自己,别人,人家,大家,每个人,某人]","[我来了,是我,你好,是你,您好,是您,他来了,是他,她来了,是她,它是,就是它,我们走,是我们,你们好,是你们,他们来了,是他们,她们都在,是她们,咱们走吧,是咱们,自己来,做好自己,别人说,问问别人,人家的,听人家说,大家好,请大家,每个人都,是每个人,某人说,有某人]","[我,你,您,他,她,它,我们,你们,他们,她们,咱们,自己,别人,人家,大家,每个人,某人,我来了,是我,你好,是你,您好,是您,他来了,是他,她来了,是她,它是,就是它,我们走,是我们,你们好,是你们,他们来了,是他们,她们都在,是她们,咱们走吧,是咱们,自己来,做好自己,别人说,问问别人,人家的,听人家说,大家好,请大家,每个人都,是每个人,某人说,有某人]"
3,Demonstratives & Pointers,Act I: Foundation,"[这,那,这个,那个,这些,那些,这里,那里,这儿,那儿,这样,那样,这种,那种,这边,那边,此,彼]","[这是,就这,那是,就那,这个好,买这个,那个好,要那个,这些人,买这些,那些书,拿那些,这里好,在这里,那里远,去那里,这儿好,来这儿,那儿远,去那儿,这样做,就这样,那样说,像那样,这种人,是这种,那种书,买那种,这边走,往这边,那边看,去那边,此时,由此,彼此,知彼]","[这,那,这个,那个,这些,那些,这里,那里,这儿,那儿,这样,那样,这种,那种,这边,那边,此,彼,这是,就这,那是,就那,这个好,买这个,那个好,要那个,这些人,买这些,那些书,拿那些,这里好,在这里,那里远,去那里,这儿好,来这儿,那儿远,去那儿,这样做,就这样,那样说,像那样,这种人,是这种,那种书,买那种,这边走,往这边,那边看,去那边,此时,由此,彼此,知彼]"
4,Yes No & Responses,Act I: Foundation,"[对,好,行,没问题,不,没有,不是,不行,不可以,没,别,好的,是的,对的,对了,算了,没事,准确]","[答对了,说得对,好啊,很好,行啊,可行,没问题的,绝对没问题,不要,不对,没有人,真没有,不是我,这不是,不行啊,真不行,不可以做,真的不可以,没了,真没,别走,别说,好的呢,真的好的,是的呢,真是的,对的呀,完全对的,对了吧,说对了,算了吧,就算了,没事的,真没事,很准确,不准确]","[对,好,行,没问题,不,没有,不是,不行,不可以,没,别,好的,是的,对的,对了,算了,没事,准确,答对了,说得对,好啊,很好,行啊,可行,没问题的,绝对没问题,不要,不对,没有人,真没有,不是我,这不是,不行啊,真不行,不可以做,真的不可以,没了,真没,别走,别说,好的呢,真的好的,是的呢,真是的,对的呀,完全对的,对了吧,说对了,算了吧,就算了,没事的,真没事,很准确,不准确]"
5,Essential Verbs I,Act I: Foundation,"[是,有,在,来,去,吃,喝,看,听,说,做,给,拿,走,坐,站,睡,起,到]","[是的,就是,有钱,没有,在家,不在,来吧,快来,去吧,快去,吃饭,吃菜,喝水,喝茶,看书,看电视,听歌,听音乐,说话,说吧,做事,做饭,给你,给我,拿来,拿走,走吧,快走,坐下,请坐,站起,站好,睡觉,睡吧,起来,起床,到了,到达]","[是,有,在,来,去,吃,喝,看,听,说,做,给,拿,走,坐,站,睡,起,到,是的,就是,有钱,没有,在家,不在,来吧,快来,去吧,快去,吃饭,吃菜,喝水,喝茶,看书,看电视,听歌,听音乐,说话,说吧,做事,做饭,给你,给我,拿来,拿走,走吧,快走,坐下,请坐,站起,站好,睡觉,睡吧,起来,起床,到了,到达]"
6,Essential Verbs II,Act I: Foundation,"[要,想,能,会,可以,应该,必须,愿意,开始,结束,继续,停止,等,帮,试,用,该,须,肯]","[要去,我要,想要,想去,能做,能行,会做,不会,可以吗,可以的,应该去,应该做,必须做,必须去,愿意帮,很愿意,开始了,刚开始,结束了,快结束,继续做,继续走,停止吧,请停止,等一下,等等,帮忙,帮帮我,试试,试一下,用它,用这个,该走了,该做,须知,须要,肯定,肯做]","[要,想,能,会,可以,应该,必须,愿意,开始,结束,继续,停止,等,帮,试,用,该,须,肯,要去,我要,想要,想去,能做,能行,会做,不会,可以吗,可以的,应该去,应该做,必须做,必须去,愿意帮,很愿意,开始了,刚开始,结束了,快结束,继续做,继续走,停止吧,请停止,等一下,等等,帮忙,帮帮我,试试,试一下,用它,用这个,该走了,该做,须知,须要,肯定,肯做]"
7,Numbers 0-10,Act I: Foundation,"[零,一,二,两,三,四,五,六,七,八,九,十,第,首,末,整]","[零分,从零开始,一个,第一,二月,第二,两个,两人,三个,第三,四月,第四,五个,第五,六月,第六,七个,第七,八月,第八,九个,第九,十个,第十,第一名,第二名,首先,首要,末尾,末班,整天,整个]","[零,一,二,两,三,四,五,六,七,八,九,十,第,首,末,整,零分,从零开始,一个,第一,二月,第二,两个,两人,三个,第三,四月,第四,五个,第五,六月,第六,七个,第七,八月,第八,九个,第九,十个,第十,第一名,第二名,首先,首要,末尾,末班,整天,整个]"
8,Core Measure Words,Act I: Foundation,"[个,只,条,张,件,本,杯,瓶,块,些,次,位,双,口,套,种,排,群,副]","[一个人,这个,一只猫,两只,一条路,几条,一张纸,两张,一件事,几件,一本书,两本,一杯水,几杯,一瓶酒,两瓶,一块钱,几块,一些人,这些,一次机会,几次,一位老师,各位,一双鞋,两双,一口气,几口,一套房,整套,一种方法,几种,一排座位,前排,一群人,成群,一副眼镜,两副]","[个,只,条,张,件,本,杯,瓶,块,些,次,位,双,口,套,种,排,群,副,一个人,这个,一只猫,两只,一条路,几条,一张纸,两张,一件事,几件,一本书,两本,一杯水,几杯,一瓶酒,两瓶,一块钱,几块,一些人,这些,一次机会,几次,一位老师,各位,一双鞋,两双,一口气,几口,一套房,整套,一种方法,几种,一排座位,前排,一群人,成群,一副眼镜,两副]"
9,Basic Question Words,Act I: Foundation,"[什么,谁,哪,哪个,哪里,哪儿,怎么,怎样,为什么,多少,几,多久,多远,多大,多高]","[什么事,是什么,谁来了,是谁,哪位,哪天,哪个好,选哪个,哪里人,在哪里,哪儿好,去哪儿,怎么办,怎么做,怎样做,怎样好,为什么呢,问为什么,多少钱,有多少,几点,几个,多久了,要多久,多远啊,有多远,多大了,有多大,多高啊,有多高]","[什么,谁,哪,哪个,哪里,哪儿,怎么,怎样,为什么,多少,几,多久,多远,多大,多高,什么事,是什么,谁来了,是谁,哪位,哪天,哪个好,选哪个,哪里人,在哪里,哪儿好,去哪儿,怎么办,怎么做,怎样做,怎样好,为什么呢,问为什么,多少钱,有多少,几点,几个,多久了,要多久,多远啊,有多远,多大了,有多大,多高啊,有多高]"
10,Time Essentials,Act I: Foundation,"[现在,今天,明天,昨天,后天,前天,早上,中午,下午,晚上,时间,以前,以后,每天,刚才,马上,一会儿]","[现在走,就现在,今天好,就今天,明天见,等明天,昨天去,在昨天,后天来,等后天,前天到,在前天,早上好,在早上,中午吃,到中午,下午见,在下午,晚上好,在晚上,时间到,没时间,以前好,在以前,以后说,在以后,每天都,坚持每天,刚才说,就刚才,马上到,马上来,一会儿见,等一会儿]","[现在,今天,明天,昨天,后天,前天,早上,中午,下午,晚上,时间,以前,以后,每天,刚才,马上,一会儿,现在走,就现在,今天好,就今天,明天见,等明天,昨天去,在昨天,后天来,等后天,前天到,在前天,早上好,在早上,中午吃,到中午,下午见,在下午,晚上好,在晚上,时间到,没时间,以前好,在以前,以后说,在以后,每天都,坚持每天,刚才说,就刚才,马上到,马上来,一会儿见,等一会儿]"
11,Basic Adjectives I,Act I: Foundation,"[大,小,多,少,长,短,高,矮,坏,新,旧,快,慢,远,近,早,晚]","[大家,长大,小心,大小,多谢,差不多,至少,减少,成长,校长,短信,简短,高兴,提高,太矮,矮小,坏人,损坏,新年,创新,旧货,依旧,快乐,赶快,慢跑,慢慢来,永远,远方,最近,附近,早起,趁早,晚饭,晚会]","[大,小,多,少,长,短,高,矮,坏,新,旧,快,慢,远,近,早,晚,大家,长大,小心,大小,多谢,差不多,至少,减少,成长,校长,短信,简短,高兴,提高,太矮,矮小,坏人,损坏,新年,创新,旧货,依旧,快乐,赶快,慢跑,慢慢来,永远,远方,最近,附近,早起,趁早,晚饭,晚会]"
12,Basic Adjectives II,Act I: Foundation,"[热,冷,暖和,凉快,干,湿,胖,瘦,厚,薄,宽,窄,深,浅,轻,重,干净,脏]","[热闹,热情,冷静,寒冷,很暖和,暖和一下,很凉快,凉快些,干杯,干活,潮湿,湿润,胖子,发胖,瘦身,消瘦,厚道,深厚,薄弱,单薄,宽容,放宽,狭窄,窄小,深刻,深入,浅显,浅薄,轻松,年轻,重要,严重,打扫干净,干净整洁,脏话,弄脏]","[热,冷,暖和,凉快,干,湿,胖,瘦,厚,薄,宽,窄,深,浅,轻,重,干净,脏,热闹,热情,冷静,寒冷,很暖和,暖和一下,很凉快,凉快些,干杯,干活,潮湿,湿润,胖子,发胖,瘦身,消瘦,厚道,深厚,薄弱,单薄,宽容,放宽,狭窄,窄小,深刻,深入,浅显,浅薄,轻松,年轻,重要,严重,打扫干净,干净整洁,脏话,弄脏]"
13,Core Radicals & Components,Act I: Foundation,"[人,心,木,火,土,日,女,田,目,耳,金,竹,石,雨,虫,言,贝,足,舌]","[人们,有人,心里,用心,木头,树木,火焰,着火,土地,泥土,日子,每日,女人,女孩,田地,农田,目光,注目,耳朵,入耳,金子,黄金,竹子,竹林,石头,岩石,雨天,下雨,虫子,昆虫,言语,发言,贝壳,宝贝,足够,手足,舌头,口舌]","[人,心,木,火,土,日,女,田,目,耳,金,竹,石,雨,虫,言,贝,足,舌,人们,有人,心里,用心,木头,树木,火焰,着火,土地,泥土,日子,每日,女人,女孩,田地,农田,目光,注目,耳朵,入耳,金子,黄金,竹子,竹林,石头,岩石,雨天,下雨,虫子,昆虫,言语,发言,贝壳,宝贝,足够,手足,舌头,口舌]"
14,Emergency & Survival,Act I: Foundation,"[救命,帮忙,紧急,危险,警察,消防,急救,注意,小心,医院,药房,厕所,出口,入口,丢失,迷路,安全,求助]","[救命啊,快救命,帮忙啊,请帮忙,紧急情况,很紧急,危险啊,有危险,警察来了,叫警察,消防员,消防车,急救箱,做急救,注意安全,请注意,小心点,请小心,去医院,在医院,找药房,去药房,厕所在哪,找厕所,出口在哪,找出口,入口在哪,找入口,丢失了,东西丢失,迷路了,我迷路,安全第一,很安全,求助电话,向人求助]","[救命,帮忙,紧急,危险,警察,消防,急救,注意,小心,医院,药房,厕所,出口,入口,丢失,迷路,安全,求助,救命啊,快救命,帮忙啊,请帮忙,紧急情况,很紧急,危险啊,有危险,警察来了,叫警察,消防员,消防车,急救箱,做急救,注意安全,请注意,小心点,请小心,去医院,在医院,找药房,去药房,厕所在哪,找厕所,出口在哪,找出口,入口在哪,找入口,丢失了,东西丢失,迷路了,我迷路,安全第一,很安全,求助电话,向人求助]"
15,Family Members,Act II: Development,"[家,家人,爸爸,妈妈,父母,儿子,女儿,孩子,哥哥,姐姐,弟弟,妹妹,爷爷,奶奶,外公,外婆,丈夫,妻子,亲戚]","[回家吧,在家里,家人团聚,想念家人,爸爸回来了,叫爸爸,妈妈做饭,找妈妈,孝敬父母,父母健康,儿子长大了,好儿子,女儿出嫁,好女儿,孩子上学,照顾孩子,哥哥结婚了,大哥哥,姐姐工作,大姐姐,弟弟上学,小弟弟,妹妹可爱,小妹妹,爷爷来了,看望爷爷,奶奶做饭,陪奶奶,外公来了,看外公,去外婆家,想外婆,丈夫上班,好丈夫,妻子做饭,爱妻子,走亲戚,亲戚朋友]","[家,家人,爸爸,妈妈,父母,儿子,女儿,孩子,哥哥,姐姐,弟弟,妹妹,爷爷,奶奶,外公,外婆,丈夫,妻子,亲戚,回家吧,在家里,家人团聚,想念家人,爸爸回来了,叫爸爸,妈妈做饭,找妈妈,孝敬父母,父母健康,儿子长大了,好儿子,女儿出嫁,好女儿,孩子上学,照顾孩子,哥哥结婚了,大哥哥,姐姐工作,大姐姐,弟弟上学,小弟弟,妹妹可爱,小妹妹,爷爷来了,看望爷爷,奶奶做饭,陪奶奶,外公来了,看外公,去外婆家,想外婆,丈夫上班,好丈夫,妻子做饭,爱妻子,走亲戚,亲戚朋友]"
16,Days of Week,Act II: Development,"[星期,星期一,星期二,星期三,星期四,星期五,星期六,星期日,周,周一,周末,工作日,礼拜,每周]","[星期几,这星期,星期一见,下星期一,星期二见,下星期二,星期三见,下星期三,星期四见,下星期四,星期五见,下星期五,星期六见,下星期六,星期日见,下星期日,一周,本周,周一见,下周一,周末好,这周末,工作日忙,每个工作日,做礼拜,这礼拜,每周都,坚持每周]","[星期,星期一,星期二,星期三,星期四,星期五,星期六,星期日,周,周一,周末,工作日,礼拜,每周,星期几,这星期,星期一见,下星期一,星期二见,下星期二,星期三见,下星期三,星期四见,下星期四,星期五见,下星期五,星期六见,下星期六,星期日见,下星期日,一周,本周,周一见,下周一,周末好,这周末,工作日忙,每个工作日,做礼拜,这礼拜,每周都,坚持每周]"
17,Months & Seasons,Act II: Development,"[月,一月,二月,三月,四月,五月,六月,七月,八月,九月,十月,十一月,十二月,春天,夏天,秋天,冬天,季节]","[这月,下月,一月份,在一月,二月份,在二月,三月份,在三月,四月份,在四月,五月份,在五月,六月份,在六月,七月份,在七月,八月份,在八月,九月份,在九月,十月份,在十月,十一月份,在十一月,十二月份,在十二月,春天来了,在春天,夏天热,在夏天,秋天凉,在秋天,冬天冷,在冬天,季节变换,换季节]","[月,一月,二月,三月,四月,五月,六月,七月,八月,九月,十月,十一月,十二月,春天,夏天,秋天,冬天,季节,这月,下月,一月份,在一月,二月份,在二月,三月份,在三月,四月份,在四月,五月份,在五月,六月份,在六月,七月份,在七月,八月份,在八月,九月份,在九月,十月份,在十月,十一月份,在十一月,十二月份,在十二月,春天来了,在春天,夏天热,在夏天,秋天凉,在秋天,冬天冷,在冬天,季节变换,换季节]"
18,Years & Calendar,Act II: Development,"[年,今年,明年,去年,前年,后年,每年,生日,日期,日历,农历,阳历,年代,周年,新年]","[一年,这年,今年好,在今年,明年见,等明年,去年去,在去年,前年来,在前年,后年到,等后年,每年都,坚持每年,生日快乐,过生日,日期对,定日期,看日历,查日历,农历年,按农历,阳历日,按阳历,年代久,那年代,周年庆,一周年,新年好,过新年]","[年,今年,明年,去年,前年,后年,每年,生日,日期,日历,农历,阳历,年代,周年,新年,一年,这年,今年好,在今年,明年见,等明年,去年去,在去年,前年来,在前年,后年到,等后年,每年都,坚持每年,生日快乐,过生日,日期对,定日期,看日历,查日历,农历年,按农历,阳历日,按阳历,年代久,那年代,周年庆,一周年,新年好,过新年]"
19,Telling Time,Act II: Development,"[点,分,秒,刻,半,小时,钟,手表,闹钟,时,准时,迟到,早到,整点,上午,时刻,晚点]","[几点,三点,几分,十分,几秒,三秒,一刻钟,三刻,半小时,两点半,一小时,两小时,几点钟,敲钟,看手表,戴手表,设闹钟,响闹钟,小时候,那时,准时到,很准时,迟到了,别迟到,早到了,提前早到,整点报时,每整点,上午好,在上午,时刻表,每时刻,晚点了,飞机晚点]","[点,分,秒,刻,半,小时,钟,手表,闹钟,时,准时,迟到,早到,整点,上午,时刻,晚点,几点,三点,几分,十分,几秒,三秒,一刻钟,三刻,半小时,两点半,一小时,两小时,几点钟,敲钟,看手表,戴手表,设闹钟,响闹钟,小时候,那时,准时到,很准时,迟到了,别迟到,早到了,提前早到,整点报时,每整点,上午好,在上午,时刻表,每时刻,晚点了,飞机晚点]"
20,Numbers 11-100,Act II: Development,"[十一,十二,十三,十五,二十,二十一,三十,四十,五十,六十,七十,八十,九十,百,千,万,亿,数字]","[十一个,第十一,十二个,第十二,十三个,第十三,十五个,第十五,二十个,第二十,二十一个,第二十一,三十个,第三十,四十个,第四十,五十个,第五十,六十个,第六十,七十个,第七十,八十个,第八十,九十个,第九十,一百个,几百,一千个,几千,一万个,几万,一亿个,几亿,数字大,这数字]","[十一,十二,十三,十五,二十,二十一,三十,四十,五十,六十,七十,八十,九十,百,千,万,亿,数字,十一个,第十一,十二个,第十二,十三个,第十三,十五个,第十五,二十个,第二十,二十一个,第二十一,三十个,第三十,四十个,第四十,五十个,第五十,六十个,第六十,七十个,第七十,八十个,第八十,九十个,第九十,一百个,几百,一千个,几千,一万个,几万,一亿个,几亿,数字大,这数字]"
21,More Measure Words,Act II: Development,"[盒,袋,份,遍,趟,顿,节,场,台,辆,座,层,间,棵,朵,串,束,堆]","[一盒糖,几盒,一袋米,几袋,一份报,几份,一遍又一遍,说一遍,跑一趟,几趟,一顿饭,几顿,一节课,几节,一场比赛,几场,一台电脑,几台,一辆车,几辆,一座山,几座,一层楼,几层,一间房,几间,一棵树,几棵,一朵花,几朵,一串葡萄,几串,一束花,几束,一堆东西,几堆]","[盒,袋,份,遍,趟,顿,节,场,台,辆,座,层,间,棵,朵,串,束,堆,一盒糖,几盒,一袋米,几袋,一份报,几份,一遍又一遍,说一遍,跑一趟,几趟,一顿饭,几顿,一节课,几节,一场比赛,几场,一台电脑,几台,一辆车,几辆,一座山,几座,一层楼,几层,一间房,几间,一棵树,几棵,一朵花,几朵,一串葡萄,几串,一束花,几束,一堆东西,几堆]"
22,More Action Verbs,Act II: Development,"[放,带,送,接,找,买,卖,租,借,还,教,学,问,答,告诉,认识,记,忘,搬,挪]","[放下,放好,带走,带来,送人,送走,接人,接住,找到,找人,买东西,买菜,卖东西,卖菜,租房,租车,借书,借钱,还书,还钱,教书,教人,学习,学会,问题,问人,回答,答案,告诉你,告诉我,认识你,认识人,记住,记得,忘记,忘了,搬家,搬走,挪开,挪动]","[放,带,送,接,找,买,卖,租,借,还,教,学,问,答,告诉,认识,记,忘,搬,挪,放下,放好,带走,带来,送人,送走,接人,接住,找到,找人,买东西,买菜,卖东西,卖菜,租房,租车,借书,借钱,还书,还钱,教书,教人,学习,学会,问题,问人,回答,答案,告诉你,告诉我,认识你,认识人,记住,记得,忘记,忘了,搬家,搬走,挪开,挪动]"
23,Daily Actions,Act II: Development,"[起床,睡觉,洗脸,刷牙,洗澡,洗手,穿衣,脱衣,吃饭,喝水,上班,下班,上学,放学,回家,出门,休息]","[起床了,早起床,睡觉吧,该睡觉,洗脸盆,去洗脸,刷牙膏,去刷牙,洗澡间,去洗澡,洗手液,去洗手,穿衣服,快穿衣,脱衣服,快脱衣,吃饭吧,去吃饭,喝水吧,多喝水,上班去,去上班,下班了,准备下班,上学去,去上学,放学了,刚放学,回家吧,快回家,出门吧,准备出门,休息吧,好好休息]","[起床,睡觉,洗脸,刷牙,洗澡,洗手,穿衣,脱衣,吃饭,喝水,上班,下班,上学,放学,回家,出门,休息,起床了,早起床,睡觉吧,该睡觉,洗脸盆,去洗脸,刷牙膏,去刷牙,洗澡间,去洗澡,洗手液,去洗手,穿衣服,快穿衣,脱衣服,快脱衣,吃饭吧,去吃饭,喝水吧,多喝水,上班去,去上班,下班了,准备下班,上学去,去上学,放学了,刚放学,回家吧,快回家,出门吧,准备出门,休息吧,好好休息]"
24,Places & Locations,Act II: Development,"[地方,学校,公司,银行,超市,商店,饭店,酒店,餐厅,机场,车站,公园,图书馆,办公室,邮局,电影院,博物馆,体育馆]","[这地方不错,找个地方,学校放假,学校很近,公司开会,公司上班,银行排队,银行取钱,超市买菜,超市打折,商店关门,逛商店,订饭店,饭店吃饭,酒店入住,订酒店,餐厅订座,西餐厅,机场接人,到机场,火车站,汽车站,公园散步,逛公园,图书馆借书,图书馆学习,回办公室,办公室开会,邮局寄信,找邮局,电影院看电影,新电影院,参观博物馆,历史博物馆,体育馆打球,奥运体育馆]","[地方,学校,公司,银行,超市,商店,饭店,酒店,餐厅,机场,车站,公园,图书馆,办公室,邮局,电影院,博物馆,体育馆,这地方不错,找个地方,学校放假,学校很近,公司开会,公司上班,银行排队,银行取钱,超市买菜,超市打折,商店关门,逛商店,订饭店,饭店吃饭,酒店入住,订酒店,餐厅订座,西餐厅,机场接人,到机场,火车站,汽车站,公园散步,逛公园,图书馆借书,图书馆学习,回办公室,办公室开会,邮局寄信,找邮局,电影院看电影,新电影院,参观博物馆,历史博物馆,体育馆打球,奥运体育馆]"
25,Directions & Positions,Act II: Development,"[前面,后面,左边,右边,上面,下面,里面,外面,中间,旁边,对面,附近,东,南,西,北,远处,近处]","[前面走,在前面,后面看,在后面,左边转,在左边,右边转,在右边,上面放,在上面,下面看,在下面,里面有,在里面,外面冷,在外面,中间坐,在中间,旁边站,在旁边,对面住,在对面,附近有,在附近,东边走,往东,南边走,往南,西边走,往西,北边走,往北,远处看,在远处,近处看,在近处]","[前面,后面,左边,右边,上面,下面,里面,外面,中间,旁边,对面,附近,东,南,西,北,远处,近处,前面走,在前面,后面看,在后面,左边转,在左边,右边转,在右边,上面放,在上面,下面看,在下面,里面有,在里面,外面冷,在外面,中间坐,在中间,旁边站,在旁边,对面住,在对面,附近有,在附近,东边走,往东,南边走,往南,西边走,往西,北边走,往北,远处看,在远处,近处看,在近处]"
26,Basic Transportation,Act II: Development,"[车,坐车,开车,骑车,走路,打车,出租车,公交车,地铁,火车,高铁,飞机,轮船,自行车,上车,下车,车票,堵车]","[汽车,买车,坐车去,喜欢坐车,开车走,学开车,骑车去,喜欢骑车,走路去,喜欢走路,打车走,我打车,出租车来了,坐出租车,公交车来了,坐公交车,地铁站,坐地铁,火车站,坐火车,高铁站,坐高铁,飞机场,坐飞机,轮船码头,坐轮船,自行车道,骑自行车,上车吧,快上车,下车吧,准备下车,买车票,没车票,堵车了,路上堵车]","[车,坐车,开车,骑车,走路,打车,出租车,公交车,地铁,火车,高铁,飞机,轮船,自行车,上车,下车,车票,堵车,汽车,买车,坐车去,喜欢坐车,开车走,学开车,骑车去,喜欢骑车,走路去,喜欢走路,打车走,我打车,出租车来了,坐出租车,公交车来了,坐公交车,地铁站,坐地铁,火车站,坐火车,高铁站,坐高铁,飞机场,坐飞机,轮船码头,坐轮船,自行车道,骑自行车,上车吧,快上车,下车吧,准备下车,买车票,没车票,堵车了,路上堵车]"
27,Colors,Act II: Development,"[颜色,红色,黄色,蓝色,绿色,白色,黑色,灰色,紫色,橙色,粉色,棕色,金色,银色,亮,暗,鲜艳,暗淡]","[什么颜色,颜色好看,红色的花,红色喜庆,黄色香蕉,黄色很亮,蓝色天空,蓝色大海,绿色的树,绿色环保,白色的云,白色干净,黑色的夜,穿黑色,灰色的墙,灰色天空,紫色的花,紫色浪漫,橙色橙子,橙色温暖,粉色裙子,粉色可爱,棕色的熊,棕色头发,金色阳光,金色闪闪,银色月光,银色闪亮,灯很亮,天亮了,天很暗,光线暗,颜色鲜艳,鲜艳夺目,颜色暗淡,光线暗淡]","[颜色,红色,黄色,蓝色,绿色,白色,黑色,灰色,紫色,橙色,粉色,棕色,金色,银色,亮,暗,鲜艳,暗淡,什么颜色,颜色好看,红色的花,红色喜庆,黄色香蕉,黄色很亮,蓝色天空,蓝色大海,绿色的树,绿色环保,白色的云,白色干净,黑色的夜,穿黑色,灰色的墙,灰色天空,紫色的花,紫色浪漫,橙色橙子,橙色温暖,粉色裙子,粉色可爱,棕色的熊,棕色头发,金色阳光,金色闪闪,银色月光,银色闪亮,灯很亮,天亮了,天很暗,光线暗,颜色鲜艳,鲜艳夺目,颜色暗淡,光线暗淡]"
28,Body Parts,Act III: Expansion,"[头,脸,眼睛,鼻子,嘴巴,耳朵,手,脚,身体,头发,牙齿,舌头,脖子,肩膀,胳膊,腿,肚子,背,心脏]","[头疼,摇头,洗脸,脸红,眼睛大,闭眼睛,鼻子高,擤鼻子,嘴巴大,张嘴巴,耳朵大,竖耳朵,手大,洗手,脚大,洗脚,身体好,锻炼身体,头发长,洗头发,牙齿白,刷牙齿,舌头长,伸舌头,脖子长,转脖子,肩膀宽,耸肩膀,胳膊长,伸胳膊,腿长,伸腿,肚子饿,拍肚子,后背,靠背,心脏跳,保护心脏]","[头,脸,眼睛,鼻子,嘴巴,耳朵,手,脚,身体,头发,牙齿,舌头,脖子,肩膀,胳膊,腿,肚子,背,心脏,头疼,摇头,洗脸,脸红,眼睛大,闭眼睛,鼻子高,擤鼻子,嘴巴大,张嘴巴,耳朵大,竖耳朵,手大,洗手,脚大,洗脚,身体好,锻炼身体,头发长,洗头发,牙齿白,刷牙齿,舌头长,伸舌头,脖子长,转脖子,肩膀宽,耸肩膀,胳膊长,伸胳膊,腿长,伸腿,肚子饿,拍肚子,后背,靠背,心脏跳,保护心脏]"
29,Food Basics,Act III: Expansion,"[饭,米饭,面,面条,馒头,包子,饺子,面包,鸡蛋,肉,鸡肉,猪肉,牛肉,蔬菜,水果,汤,羊肉,海鲜]","[吃饭,做饭,米饭香,煮米饭,吃面,做面,面条好,煮面条,馒头香,蒸馒头,包子香,蒸包子,饺子香,包饺子,面包香,烤面包,鸡蛋好,煎鸡蛋,吃肉,买肉,鸡肉好,炒鸡肉,猪肉香,炒猪肉,牛肉好,炒牛肉,蔬菜新鲜,吃蔬菜,水果甜,吃水果,汤好喝,喝汤,羊肉香,涮羊肉,海鲜好,吃海鲜]","[饭,米饭,面,面条,馒头,包子,饺子,面包,鸡蛋,肉,鸡肉,猪肉,牛肉,蔬菜,水果,汤,羊肉,海鲜,吃饭,做饭,米饭香,煮米饭,吃面,做面,面条好,煮面条,馒头香,蒸馒头,包子香,蒸包子,饺子香,包饺子,面包香,烤面包,鸡蛋好,煎鸡蛋,吃肉,买肉,鸡肉好,炒鸡肉,猪肉香,炒猪肉,牛肉好,炒牛肉,蔬菜新鲜,吃蔬菜,水果甜,吃水果,汤好喝,喝汤,羊肉香,涮羊肉,海鲜好,吃海鲜]"
30,Drinks & Beverages,Act III: Expansion,"[水,开水,茶,绿茶,红茶,咖啡,牛奶,奶茶,果汁,可乐,汽水,啤酒,白酒,红酒,饮料,豆浆,矿泉水]","[喝水,倒水,开水烫,烧开水,喝茶,泡茶,绿茶香,泡绿茶,红茶香,泡红茶,咖啡香,喝咖啡,牛奶好,喝牛奶,奶茶好,喝奶茶,果汁甜,榨果汁,可乐甜,喝可乐,汽水凉,喝汽水,啤酒凉,喝啤酒,白酒烈,喝白酒,红酒好,喝红酒,饮料甜,喝饮料,豆浆香,喝豆浆,矿泉水好,喝矿泉水]","[水,开水,茶,绿茶,红茶,咖啡,牛奶,奶茶,果汁,可乐,汽水,啤酒,白酒,红酒,饮料,豆浆,矿泉水,喝水,倒水,开水烫,烧开水,喝茶,泡茶,绿茶香,泡绿茶,红茶香,泡红茶,咖啡香,喝咖啡,牛奶好,喝牛奶,奶茶好,喝奶茶,果汁甜,榨果汁,可乐甜,喝可乐,汽水凉,喝汽水,啤酒凉,喝啤酒,白酒烈,喝白酒,红酒好,喝红酒,饮料甜,喝饮料,豆浆香,喝豆浆,矿泉水好,喝矿泉水]"
31,Common Foods,Act III: Expansion,"[豆腐,土豆,西红柿,白菜,萝卜,黄瓜,茄子,辣椒,葱,姜,蒜,苹果,香蕉,橘子,葡萄,西瓜]","[豆腐嫩,吃豆腐,土豆丝,炒土豆,西红柿红,炒西红柿,白菜好,炒白菜,萝卜甜,炖萝卜,黄瓜脆,拍黄瓜,茄子紫,烧茄子,辣椒辣,炒辣椒,切葱,放葱,切姜,放姜,切蒜,放蒜,苹果甜,吃苹果,香蕉甜,吃香蕉,橘子酸,吃橘子,葡萄甜,吃葡萄,西瓜甜,吃西瓜]","[豆腐,土豆,西红柿,白菜,萝卜,黄瓜,茄子,辣椒,葱,姜,蒜,苹果,香蕉,橘子,葡萄,西瓜,豆腐嫩,吃豆腐,土豆丝,炒土豆,西红柿红,炒西红柿,白菜好,炒白菜,萝卜甜,炖萝卜,黄瓜脆,拍黄瓜,茄子紫,烧茄子,辣椒辣,炒辣椒,切葱,放葱,切姜,放姜,切蒜,放蒜,苹果甜,吃苹果,香蕉甜,吃香蕉,橘子酸,吃橘子,葡萄甜,吃葡萄,西瓜甜,吃西瓜]"
32,Eating & Drinking,Act III: Expansion,"[饿,饱,渴,尝,好吃,难吃,甜,酸,辣,咸,苦,淡,香,臭,点餐,用餐,加菜,下单]","[饿了,很饿,饱了,吃饱,渴了,很渴,尝尝,尝一下,好吃的,很好吃,难吃的,很难吃,甜的,很甜,酸的,很酸,辣的,很辣,咸的,很咸,苦的,很苦,淡的,很淡,香的,很香,臭的,很臭,点餐吧,去点餐,用餐愉快,开始用餐,加菜吧,我要加菜,下单吧,我要下单]","[饿,饱,渴,尝,好吃,难吃,甜,酸,辣,咸,苦,淡,香,臭,点餐,用餐,加菜,下单,饿了,很饿,饱了,吃饱,渴了,很渴,尝尝,尝一下,好吃的,很好吃,难吃的,很难吃,甜的,很甜,酸的,很酸,辣的,很辣,咸的,很咸,苦的,很苦,淡的,很淡,香的,很香,臭的,很臭,点餐吧,去点餐,用餐愉快,开始用餐,加菜吧,我要加菜,下单吧,我要下单]"
33,Clothing Items,Act III: Expansion,"[衣服,裤子,裙子,鞋子,袜子,帽子,外套,大衣,衬衫,毛衣,内衣,手套,围巾,领带,眼镜,包]","[洗衣服,穿衣服,洗裤子,穿裤子,洗裙子,穿裙子,洗鞋子,穿鞋子,洗袜子,穿袜子,戴帽子,买帽子,穿外套,买外套,穿大衣,买大衣,穿衬衫,买衬衫,穿毛衣,买毛衣,穿内衣,买内衣,戴手套,买手套,戴围巾,买围巾,打领带,买领带,戴眼镜,买眼镜,背包,买包]","[衣服,裤子,裙子,鞋子,袜子,帽子,外套,大衣,衬衫,毛衣,内衣,手套,围巾,领带,眼镜,包,洗衣服,穿衣服,洗裤子,穿裤子,洗裙子,穿裙子,洗鞋子,穿鞋子,洗袜子,穿袜子,戴帽子,买帽子,穿外套,买外套,穿大衣,买大衣,穿衬衫,买衬衫,穿毛衣,买毛衣,穿内衣,买内衣,戴手套,买手套,戴围巾,买围巾,打领带,买领带,戴眼镜,买眼镜,背包,买包]"
34,Weather Words,Act III: Expansion,"[天气,晴天,阴天,多云,下雨,下雪,刮风,打雷,闪电,大雾,温度,预报,气温,霜,雹子,潮湿]","[天气好,看天气,晴天好,是晴天,阴天冷,是阴天,多云天,今天多云,下雨了,快下雨,下雪了,快下雪,刮风了,在刮风,打雷了,听到打雷,闪电亮,看到闪电,大雾天,起大雾,温度高,看温度,天气预报,看预报,气温低,看气温,结霜了,下霜,下雹子,有雹子,很潮湿,天气潮湿]","[天气,晴天,阴天,多云,下雨,下雪,刮风,打雷,闪电,大雾,温度,预报,气温,霜,雹子,潮湿,天气好,看天气,晴天好,是晴天,阴天冷,是阴天,多云天,今天多云,下雨了,快下雨,下雪了,快下雪,刮风了,在刮风,打雷了,听到打雷,闪电亮,看到闪电,大雾天,起大雾,温度高,看温度,天气预报,看预报,气温低,看气温,结霜了,下霜,下雹子,有雹子,很潮湿,天气潮湿]"
35,Shopping Basics,Act III: Expansion,"[店,商场,便宜,贵,打折,退货,换货,挑选,试穿,小票,促销,特价,砍价,标价,选购]","[这家店,去店里,去商场,在商场,便宜点,很便宜,太贵了,很贵,打折了,有打折,退货吧,可以退货,换货吧,可以换货,挑选好,慢慢挑选,试穿下,可以试穿,拿小票,给小票,促销中,搞促销,特价品,有特价,砍价吧,可以砍价,标价多少,看标价,选购好,慢慢选购]","[店,商场,便宜,贵,打折,退货,换货,挑选,试穿,小票,促销,特价,砍价,标价,选购,这家店,去店里,去商场,在商场,便宜点,很便宜,太贵了,很贵,打折了,有打折,退货吧,可以退货,换货吧,可以换货,挑选好,慢慢挑选,试穿下,可以试穿,拿小票,给小票,促销中,搞促销,特价品,有特价,砍价吧,可以砍价,标价多少,看标价,选购好,慢慢选购]"
36,Around the House,Act III: Expansion,"[房子,房间,门,窗户,墙,地板,天花板,客厅,卧室,厨房,卫生间,浴室,阳台,楼梯,电梯,花园,车库]","[大房子,买房子,小房间,进房间,开门,关门,开窗户,关窗户,白墙,刷墙,木地板,擦地板,天花板高,看天花板,大客厅,在客厅,大卧室,在卧室,小厨房,在厨房,去卫生间,在卫生间,去浴室,在浴室,小阳台,在阳台,爬楼梯,走楼梯,坐电梯,等电梯,小花园,在花园,大车库,在车库]","[房子,房间,门,窗户,墙,地板,天花板,客厅,卧室,厨房,卫生间,浴室,阳台,楼梯,电梯,花园,车库,大房子,买房子,小房间,进房间,开门,关门,开窗户,关窗户,白墙,刷墙,木地板,擦地板,天花板高,看天花板,大客厅,在客厅,大卧室,在卧室,小厨房,在厨房,去卫生间,在卫生间,去浴室,在浴室,小阳台,在阳台,爬楼梯,走楼梯,坐电梯,等电梯,小花园,在花园,大车库,在车库]"
37,Furniture & Objects,Act III: Expansion,"[桌子,椅子,床,沙发,柜子,书架,灯,电视,冰箱,空调,洗衣机,电脑,钥匙,纸,窗帘,地毯]","[大桌子,擦桌子,小椅子,坐椅子,大床,睡床,软沙发,坐沙发,大柜子,开柜子,书架满,放书架,开灯,关灯,看电视,开电视,开冰箱,大冰箱,开空调,关空调,用洗衣机,开洗衣机,用电脑,开电脑,拿钥匙,找钥匙,一张纸,拿纸,拉窗帘,开窗帘,软地毯,铺地毯]","[桌子,椅子,床,沙发,柜子,书架,灯,电视,冰箱,空调,洗衣机,电脑,钥匙,纸,窗帘,地毯,大桌子,擦桌子,小椅子,坐椅子,大床,睡床,软沙发,坐沙发,大柜子,开柜子,书架满,放书架,开灯,关灯,看电视,开电视,开冰箱,大冰箱,开空调,关空调,用洗衣机,开洗衣机,用电脑,开电脑,拿钥匙,找钥匙,一张纸,拿纸,拉窗帘,开窗帘,软地毯,铺地毯]"
38,Describing People,Act III: Expansion,"[漂亮,帅,可爱,丑,年轻,老,聪明,笨,勤快,懒,诚实,善良,能干,友好,勇敢,自私,大方]","[很漂亮,干得漂亮,帅哥,很帅气,好可爱,可爱极了,真丑,出丑,年轻人,年轻时候,老人家,变老了,聪明人,聪明才智,笨蛋,笨手笨脚,手脚勤快,很勤快,偷懒,真懒,诚实守信,为人诚实,心地善良,善良的人,精明能干,很能干,友好相处,友好往来,勇敢面对,勇敢的人,自私自利,太自私,大方得体,出手大方]","[漂亮,帅,可爱,丑,年轻,老,聪明,笨,勤快,懒,诚实,善良,能干,友好,勇敢,自私,大方,很漂亮,干得漂亮,帅哥,很帅气,好可爱,可爱极了,真丑,出丑,年轻人,年轻时候,老人家,变老了,聪明人,聪明才智,笨蛋,笨手笨脚,手脚勤快,很勤快,偷懒,真懒,诚实守信,为人诚实,心地善良,善良的人,精明能干,很能干,友好相处,友好往来,勇敢面对,勇敢的人,自私自利,太自私,大方得体,出手大方]"
39,Emotions & Feelings,Act III: Expansion,"[高兴,开心,难过,伤心,生气,害怕,担心,紧张,放松,累,无聊,有趣,惊讶,兴奋,满意,失望,着急,舒服]","[高兴起来,高兴得很,开心果,玩得开心,心里难过,很难过,伤心事,别伤心,生气了,别生气,害怕什么,很害怕,担心你,不用担心,紧张死了,别紧张,放松心情,放松一下,累死了,太累了,无聊透顶,太无聊,有趣的事,很有趣,感到惊讶,十分惊讶,兴奋不已,兴奋得很,很满意,满意的,太失望,感到失望,别着急,着急什么,舒服极了,不舒服]","[高兴,开心,难过,伤心,生气,害怕,担心,紧张,放松,累,无聊,有趣,惊讶,兴奋,满意,失望,着急,舒服,高兴起来,高兴得很,开心果,玩得开心,心里难过,很难过,伤心事,别伤心,生气了,别生气,害怕什么,很害怕,担心你,不用担心,紧张死了,别紧张,放松心情,放松一下,累死了,太累了,无聊透顶,太无聊,有趣的事,很有趣,感到惊讶,十分惊讶,兴奋不已,兴奋得很,很满意,满意的,太失望,感到失望,别着急,着急什么,舒服极了,不舒服]"
40,Health & Sickness,Act III: Expansion,"[健康,生病,感冒,发烧,咳嗽,头疼,肚子疼,受伤,流血,康复,痊愈,复诊,住院,出院,养病]","[身体健康,很健康,生病了,容易生病,感冒了,得感冒,发烧了,在发烧,咳嗽了,一直咳嗽,头疼啊,有点头疼,肚子疼啊,有点肚子疼,受伤了,不小心受伤,流血了,在流血,快康复,已康复,快痊愈,已痊愈,去复诊,需要复诊,住院了,要住院,出院了,可以出院,养病中,好好养病]","[健康,生病,感冒,发烧,咳嗽,头疼,肚子疼,受伤,流血,康复,痊愈,复诊,住院,出院,养病,身体健康,很健康,生病了,容易生病,感冒了,得感冒,发烧了,在发烧,咳嗽了,一直咳嗽,头疼啊,有点头疼,肚子疼啊,有点肚子疼,受伤了,不小心受伤,流血了,在流血,快康复,已康复,快痊愈,已痊愈,去复诊,需要复诊,住院了,要住院,出院了,可以出院,养病中,好好养病]"
41,School Life,Act III: Expansion,"[老师,学生,同学,教室,课,上课,下课,作业,考试,成绩,毕业,书,本子,笔,书包,操场,校园]","[好老师,我老师,好学生,我是学生,好同学,我同学,大教室,在教室,这节课,上这课,上课了,正在上课,下课了,准备下课,写作业,交作业,考试了,准备考试,成绩好,看成绩,毕业了,快毕业,看书,读书,写本子,拿本子,用笔,拿笔,背书包,拿书包,去操场,在操场,美校园,在校园]","[老师,学生,同学,教室,课,上课,下课,作业,考试,成绩,毕业,书,本子,笔,书包,操场,校园,好老师,我老师,好学生,我是学生,好同学,我同学,大教室,在教室,这节课,上这课,上课了,正在上课,下课了,准备下课,写作业,交作业,考试了,准备考试,成绩好,看成绩,毕业了,快毕业,看书,读书,写本子,拿本子,用笔,拿笔,背书包,拿书包,去操场,在操场,美校园,在校园]"
42,Work & Office,Act III: Expansion,"[同事,老板,员工,会议,工资,加班,请假,休假,打卡,出差,开会,汇报,项目,报销,绩效,考核]","[好同事,我同事,大老板,我老板,好员工,新员工,开会议,参加会议,发工资,涨工资,要加班,在加班,请假条,要请假,休假了,去休假,打卡机,去打卡,出差了,要出差,开会中,准备开会,做汇报,听汇报,新项目,做项目,去报销,要报销,看绩效,提绩效,做考核,参加考核]","[同事,老板,员工,会议,工资,加班,请假,休假,打卡,出差,开会,汇报,项目,报销,绩效,考核,好同事,我同事,大老板,我老板,好员工,新员工,开会议,参加会议,发工资,涨工资,要加班,在加班,请假条,要请假,休假了,去休假,打卡机,去打卡,出差了,要出差,开会中,准备开会,做汇报,听汇报,新项目,做项目,去报销,要报销,看绩效,提绩效,做考核,参加考核]"
43,Communication Verbs,Act III: Expansion,"[讲,读,写,聊天,讨论,翻译,理解,表达,交流,沟通,倾听,询问,答复,辩论,商量,回应,回复]","[讲话,讲故事,读书,读报,写字,写信,聊天吧,在聊天,讨论会,来讨论,翻译成,做翻译,理解了,不理解,表达好,会表达,交流会,去交流,沟通好,来沟通,倾听者,认真倾听,询问下,去询问,答复你,给答复,辩论会,来辩论,商量下,来商量,回应你,给回应,回复你,给回复]","[讲,读,写,聊天,讨论,翻译,理解,表达,交流,沟通,倾听,询问,答复,辩论,商量,回应,回复,讲话,讲故事,读书,读报,写字,写信,聊天吧,在聊天,讨论会,来讨论,翻译成,做翻译,理解了,不理解,表达好,会表达,交流会,去交流,沟通好,来沟通,倾听者,认真倾听,询问下,去询问,答复你,给答复,辩论会,来辩论,商量下,来商量,回应你,给回应,回复你,给回复]"
44,Phone & Internet,Act III: Expansion,"[电话,手机,号码,上网,网络,网站,微信,短信,视频,照片,搜索,下载,密码,账号,充电]","[打电话,接电话,用手机,买手机,电话号码,记号码,上网吧,在上网,网络快,连网络,上网站,看网站,用微信,发微信,发短信,收短信,看视频,录视频,拍照片,看照片,搜索下,在搜索,下载好,去下载,输密码,忘密码,登账号,建账号,去充电,在充电]","[电话,手机,号码,上网,网络,网站,微信,短信,视频,照片,搜索,下载,密码,账号,充电,打电话,接电话,用手机,买手机,电话号码,记号码,上网吧,在上网,网络快,连网络,上网站,看网站,用微信,发微信,发短信,收短信,看视频,录视频,拍照片,看照片,搜索下,在搜索,下载好,去下载,输密码,忘密码,登账号,建账号,去充电,在充电]"
45,Getting Around,Act III: Expansion,"[跑,进,出,回,转,停,经过,路过,赶,追,躲,绕,穿,返回,抵达,启程,途经]","[跑步,快跑,进来,进去,出来,出去,回来,回去,转身,转弯,停下,停住,经过这,刚经过,路过这,刚路过,赶时间,赶快,追上,追赶,躲开,躲避,绕路,绕过,穿过,穿越,返回去,要返回,抵达了,刚抵达,启程了,准备启程,途经这,刚途经]","[跑,进,出,回,转,停,经过,路过,赶,追,躲,绕,穿,返回,抵达,启程,途经,跑步,快跑,进来,进去,出来,出去,回来,回去,转身,转弯,停下,停住,经过这,刚经过,路过这,刚路过,赶时间,赶快,追上,追赶,躲开,躲避,绕路,绕过,穿过,穿越,返回去,要返回,抵达了,刚抵达,启程了,准备启程,途经这,刚途经]"
46,Daily Routines,Act III: Expansion,"[醒,洗漱,早餐,午餐,晚餐,打扫,做饭,熬夜,散步,娱乐,午睡,叫醒,梳洗,通勤,待业,活动]","[醒了,睡醒,洗漱完,去洗漱,吃早餐,做早餐,吃午餐,做午餐,吃晚餐,做晚餐,打扫房,在打扫,做饭吧,去做饭,熬夜了,别熬夜,散步去,去散步,娱乐下,找娱乐,午睡吧,要午睡,叫醒我,被叫醒,梳洗好,去梳洗,通勤中,每天通勤,待业中,还在待业,活动多,做活动]","[醒,洗漱,早餐,午餐,晚餐,打扫,做饭,熬夜,散步,娱乐,午睡,叫醒,梳洗,通勤,待业,活动,醒了,睡醒,洗漱完,去洗漱,吃早餐,做早餐,吃午餐,做午餐,吃晚餐,做晚餐,打扫房,在打扫,做饭吧,去做饭,熬夜了,别熬夜,散步去,去散步,娱乐下,找娱乐,午睡吧,要午睡,叫醒我,被叫醒,梳洗好,去梳洗,通勤中,每天通勤,待业中,还在待业,活动多,做活动]"
47,Hobbies & Leisure,Act III: Expansion,"[爱好,阅读,看书,电影,音乐,旅游,摄影,画画,唱歌,跳舞,爬山,钓鱼,购物,游戏,下棋,烹饪,园艺]","[我的爱好,有爱好,爱阅读,喜欢阅读,爱看书,喜欢看书,看电影,好电影,听音乐,好音乐,去旅游,爱旅游,学摄影,爱摄影,学画画,爱画画,去唱歌,爱唱歌,去跳舞,爱跳舞,去爬山,爱爬山,去钓鱼,爱钓鱼,去购物,爱购物,玩游戏,打游戏,下棋吧,爱下棋,学烹饪,爱烹饪,做园艺,爱园艺]","[爱好,阅读,看书,电影,音乐,旅游,摄影,画画,唱歌,跳舞,爬山,钓鱼,购物,游戏,下棋,烹饪,园艺,我的爱好,有爱好,爱阅读,喜欢阅读,爱看书,喜欢看书,看电影,好电影,听音乐,好音乐,去旅游,爱旅游,学摄影,爱摄影,学画画,爱画画,去唱歌,爱唱歌,去跳舞,爱跳舞,去爬山,爱爬山,去钓鱼,爱钓鱼,去购物,爱购物,玩游戏,打游戏,下棋吧,爱下棋,学烹饪,爱烹饪,做园艺,爱园艺]"
48,Sports & Exercise,Act III: Expansion,"[运动,跑步,游泳,打球,篮球,足球,乒乓球,网球,羽毛球,健身,瑜伽,太极,比赛,赢,输,锻炼,体育]","[做运动,爱运动,去跑步,爱跑步,去游泳,爱游泳,去打球,爱打球,打篮球,爱篮球,踢足球,爱足球,打乒乓球,爱乒乓球,打网球,爱网球,打羽毛球,爱羽毛球,去健身,爱健身,练瑜伽,爱瑜伽,打太极,练太极,看比赛,参加比赛,赢了,要赢,输了,不输,去锻炼,爱锻炼,体育课,爱体育]","[运动,跑步,游泳,打球,篮球,足球,乒乓球,网球,羽毛球,健身,瑜伽,太极,比赛,赢,输,锻炼,体育,做运动,爱运动,去跑步,爱跑步,去游泳,爱游泳,去打球,爱打球,打篮球,爱篮球,踢足球,爱足球,打乒乓球,爱乒乓球,打网球,爱网球,打羽毛球,爱羽毛球,去健身,爱健身,练瑜伽,爱瑜伽,打太极,练太极,看比赛,参加比赛,赢了,要赢,输了,不输,去锻炼,爱锻炼,体育课,爱体育]"
49,Nature & Environment,Act III: Expansion,"[天空,太阳,月亮,星星,云,山,河,湖,海,树,花,草,石头,森林,空气,环境,自然,植物]","[看天空,蓝天空,太阳出来了,晒太阳,月亮圆,看月亮,星星亮,数星星,白云,看云,大山,爬山,大河,过河,大湖,游湖,大海,看海,大树,种树,红花,看花,绿草,割草,大石头,搬石头,大森林,进森林,空气好,呼吸空气,环境好,保护环境,大自然,爱自然,绿植物,种植物]","[天空,太阳,月亮,星星,云,山,河,湖,海,树,花,草,石头,森林,空气,环境,自然,植物,看天空,蓝天空,太阳出来了,晒太阳,月亮圆,看月亮,星星亮,数星星,白云,看云,大山,爬山,大河,过河,大湖,游湖,大海,看海,大树,种树,红花,看花,绿草,割草,大石头,搬石头,大森林,进森林,空气好,呼吸空气,环境好,保护环境,大自然,爱自然,绿植物,种植物]"
50,Animals,Act III: Expansion,"[动物,狗,猫,鸟,鱼,鸡,鸭,猪,牛,羊,马,兔子,老虎,狮子,熊,大象,猴子,蛇,海豚]","[野生动物,保护动物,遛狗,狗叫了,猫咪,这只猫,鸟飞了,听鸟叫,钓鱼,鱼缸,公鸡打鸣,母鸡下蛋,烤鸭,鸭子游泳,野猪,喂猪,水牛,吹牛,山羊,放羊,骑马,赛马,白兔子,兔子跳,属老虎,老虎凶,狮子吼,狮子王,黑熊,北极熊,非洲大象,大象鼻子,猴子聪明,猴子爬树,毒蛇,怕蛇,海豚表演,海豚聪明]","[动物,狗,猫,鸟,鱼,鸡,鸭,猪,牛,羊,马,兔子,老虎,狮子,熊,大象,猴子,蛇,海豚,野生动物,保护动物,遛狗,狗叫了,猫咪,这只猫,鸟飞了,听鸟叫,钓鱼,鱼缸,公鸡打鸣,母鸡下蛋,烤鸭,鸭子游泳,野猪,喂猪,水牛,吹牛,山羊,放羊,骑马,赛马,白兔子,兔子跳,属老虎,老虎凶,狮子吼,狮子王,黑熊,北极熊,非洲大象,大象鼻子,猴子聪明,猴子爬树,毒蛇,怕蛇,海豚表演,海豚聪明]"
51,Numbers & Math,Act III: Expansion,"[加,减,乘,除,等于,第一,第二,第三,总共,倍,一半,算,数学,余,差,积,商]","[加法,加上,减法,减去,乘法,乘以,除法,除以,等于多少,不等于,第一名,得第一,第二名,得第二,第三名,得第三,总共多少,一共总共,两倍,三倍,一半的,分一半,算一下,算出来,学数学,教数学,余数,剩余,差多少,相差,积是,乘积,商是,求商]","[加,减,乘,除,等于,第一,第二,第三,总共,倍,一半,算,数学,余,差,积,商,加法,加上,减法,减去,乘法,乘以,除法,除以,等于多少,不等于,第一名,得第一,第二名,得第二,第三名,得第三,总共多少,一共总共,两倍,三倍,一半的,分一半,算一下,算出来,学数学,教数学,余数,剩余,差多少,相差,积是,乘积,商是,求商]"
52,Time Words Advanced,Act III: Expansion,"[白天,夜晚,凌晨,黎明,傍晚,黄昏,平时,永远,最近,将来,始终,日后,往后,今后,当初,先前,此后]","[白天工作,在白天,夜晚休息,在夜晚,凌晨起,到凌晨,黎明时分,等黎明,傍晚时,到傍晚,黄昏时,看黄昏,平时忙,在平时,永远爱你,会永远,最近忙,在最近,将来会,在将来,始终如一,会始终,日后再说,等日后,往后看,从往后,今后会,从今后,当初说,在当初,先前说,在先前,此后会,从此后]","[白天,夜晚,凌晨,黎明,傍晚,黄昏,平时,永远,最近,将来,始终,日后,往后,今后,当初,先前,此后,白天工作,在白天,夜晚休息,在夜晚,凌晨起,到凌晨,黎明时分,等黎明,傍晚时,到傍晚,黄昏时,看黄昏,平时忙,在平时,永远爱你,会永远,最近忙,在最近,将来会,在将来,始终如一,会始终,日后再说,等日后,往后看,从往后,今后会,从今后,当初说,在当初,先前说,在先前,此后会,从此后]"
53,Location Words,Act III: Expansion,"[中,内,外,上,下,左,右,前,后,旁,周围,到处,各地,本地,东边,南边,西边,北边,上边,下边]","[中间,其中,内部,在内,外部,在外,上面,在上,下面,在下,左边,向左,右边,向右,前面,在前,后面,在后,旁边,在旁,周围的,在周围,到处走,到处看,各地的,来自各地,本地人,在本地,东边走,在东边,南边走,在南边,西边走,在西边,北边走,在北边,上边看,在上边,下边看,在下边]","[中,内,外,上,下,左,右,前,后,旁,周围,到处,各地,本地,东边,南边,西边,北边,上边,下边,中间,其中,内部,在内,外部,在外,上面,在上,下面,在下,左边,向左,右边,向右,前面,在前,后面,在后,旁边,在旁,周围的,在周围,到处走,到处看,各地的,来自各地,本地人,在本地,东边走,在东边,南边走,在南边,西边走,在西边,北边走,在北边,上边看,在上边,下边看,在下边]"
54,Opinions & Views,Act IV: Mastery,"[看法,意见,观点,态度,立场,主意,角度,总结,看待,论点,见解,立论,论据,持有,坚持,表示,鉴定]","[我的看法,有看法,提意见,有意见,观点是,有观点,态度好,表态度,立场坚定,有立场,好主意,出主意,角度不同,换角度,做总结,来总结,看待问题,如何看待,论点是,提论点,有见解,独到见解,立论清晰,进行立论,论据充分,找论据,持有观点,长期持有,坚持下去,要坚持,表示同意,表示反对,做鉴定,专业鉴定]","[看法,意见,观点,态度,立场,主意,角度,总结,看待,论点,见解,立论,论据,持有,坚持,表示,鉴定,我的看法,有看法,提意见,有意见,观点是,有观点,态度好,表态度,立场坚定,有立场,好主意,出主意,角度不同,换角度,做总结,来总结,看待问题,如何看待,论点是,提论点,有见解,独到见解,立论清晰,进行立论,论据充分,找论据,持有观点,长期持有,坚持下去,要坚持,表示同意,表示反对,做鉴定,专业鉴定]"
55,Making Plans,Act IV: Mastery,"[打算,计划,准备,决定,安排,预定,取消,推迟,提前,空闲,有空,见面,约定,约会,排期,档期,行程]","[打算去,有打算,计划好,做计划,准备好,做准备,决定了,做决定,安排好,做安排,预定好,去预定,取消了,要取消,推迟了,要推迟,提前到,要提前,有空闲,比较空闲,有空吗,没有空,见面吧,去见面,约定好,有约定,约会吧,去约会,排期表,做排期,有档期,看档期,行程表,安排行程]","[打算,计划,准备,决定,安排,预定,取消,推迟,提前,空闲,有空,见面,约定,约会,排期,档期,行程,打算去,有打算,计划好,做计划,准备好,做准备,决定了,做决定,安排好,做安排,预定好,去预定,取消了,要取消,推迟了,要推迟,提前到,要提前,有空闲,比较空闲,有空吗,没有空,见面吧,去见面,约定好,有约定,约会吧,去约会,排期表,做排期,有档期,看档期,行程表,安排行程]"
56,Expressing Needs,Act IV: Mastery,"[需要,想要,希望,愿望,盼望,期待,渴望,要求,不必,不用,急需,务必,非得,亟需,迫切,紧迫]","[需要你,很需要,想要买,很想要,希望你,抱希望,愿望是,许愿望,盼望着,在盼望,期待你,很期待,渴望成功,很渴望,要求高,有要求,不必了,真不必,不用谢,不用担心,急需人,很急需,务必来,请务必,非得去,非得要,亟需解决,亟需帮助,很迫切,迫切需要,很紧迫,时间紧迫]","[需要,想要,希望,愿望,盼望,期待,渴望,要求,不必,不用,急需,务必,非得,亟需,迫切,紧迫,需要你,很需要,想要买,很想要,希望你,抱希望,愿望是,许愿望,盼望着,在盼望,期待你,很期待,渴望成功,很渴望,要求高,有要求,不必了,真不必,不用谢,不用担心,急需人,很急需,务必来,请务必,非得去,非得要,亟需解决,亟需帮助,很迫切,迫切需要,很紧迫,时间紧迫]"
57,Asking for Help,Act IV: Mastery,"[帮助,拜托,请教,请求,支援,协助,乐意,求援,相助,襄助,劳驾,有劳,费心,指点]","[帮助我,需要帮助,拜托你,拜托了,请教下,向您请教,请求你,有请求,支援我,需要支援,协助下,需要协助,很乐意,乐意帮忙,求援信,发出求援,相助一下,鼎力相助,襄助一下,大力襄助,劳驾了,劳驾您,有劳您,有劳了,费心了,多费心,指点下,请指点]","[帮助,拜托,请教,请求,支援,协助,乐意,求援,相助,襄助,劳驾,有劳,费心,指点,帮助我,需要帮助,拜托你,拜托了,请教下,向您请教,请求你,有请求,支援我,需要支援,协助下,需要协助,很乐意,乐意帮忙,求援信,发出求援,相助一下,鼎力相助,襄助一下,大力襄助,劳驾了,劳驾您,有劳您,有劳了,费心了,多费心,指点下,请指点]"
58,Giving Directions,Act IV: Mastery,"[直走,左转,右转,拐弯,路口,十字路口,红绿灯,前方,右侧,左侧,距离,方向,地址,目的地,导航,地图]","[往前直走,请直走,向左左转,请左转,向右右转,请右转,在那拐弯,要拐弯,到路口,过路口,到十字路口,过十字路口,看红绿灯,等红绿灯,前方到达,看前方,在右侧,看右侧,在左侧,看左侧,距离远,有距离,什么方向,看方向,地址是,写地址,到目的地,去目的地,开导航,用导航,看地图,用地图]","[直走,左转,右转,拐弯,路口,十字路口,红绿灯,前方,右侧,左侧,距离,方向,地址,目的地,导航,地图,往前直走,请直走,向左左转,请左转,向右右转,请右转,在那拐弯,要拐弯,到路口,过路口,到十字路口,过十字路口,看红绿灯,等红绿灯,前方到达,看前方,在右侧,看右侧,在左侧,看左侧,距离远,有距离,什么方向,看方向,地址是,写地址,到目的地,去目的地,开导航,用导航,看地图,用地图]"
59,Describing Situations,Act IV: Mastery,"[情况,状况,形势,正常,异常,简单,进行,发生,出现,存在,变化,改变,转变,恶化]","[什么情况,了解情况,状况如何,目前状况,形势好,看形势,很正常,一切正常,很异常,有点异常,很简单,太简单,进行中,正在进行,发生了,刚发生,出现了,刚出现,存在问题,还存在,有变化,发生变化,改变了,要改变,转变了,有转变,恶化了,情况恶化]","[情况,状况,形势,正常,异常,简单,进行,发生,出现,存在,变化,改变,转变,恶化,什么情况,了解情况,状况如何,目前状况,形势好,看形势,很正常,一切正常,很异常,有点异常,很简单,太简单,进行中,正在进行,发生了,刚发生,出现了,刚出现,存在问题,还存在,有变化,发生变化,改变了,要改变,转变了,有转变,恶化了,情况恶化]"
60,Talking About Problems,Act IV: Mastery,"[问题,麻烦,毛病,错误,修理,改正,症结,难点,弊端,纠纷,争议,隐患,漏洞,纰漏,瓶颈]","[有问题,什么问题,有麻烦,遇到麻烦,有毛病,出毛病,有错误,犯错误,去修理,需要修理,要改正,已改正,找症结,问题症结,有难点,克服难点,有弊端,存在弊端,有纠纷,发生纠纷,有争议,引起争议,有隐患,存在隐患,有漏洞,堵住漏洞,有纰漏,出现纰漏,有瓶颈,突破瓶颈]","[问题,麻烦,毛病,错误,修理,改正,症结,难点,弊端,纠纷,争议,隐患,漏洞,纰漏,瓶颈,有问题,什么问题,有麻烦,遇到麻烦,有毛病,出毛病,有错误,犯错误,去修理,需要修理,要改正,已改正,找症结,问题症结,有难点,克服难点,有弊端,存在弊端,有纠纷,发生纠纷,有争议,引起争议,有隐患,存在隐患,有漏洞,堵住漏洞,有纰漏,出现纰漏,有瓶颈,突破瓶颈]"
61,Money & Payments,Act IV: Mastery,"[钱,价格,费用,优惠,现金,刷卡,支付,付款,零钱,找钱,发票,收据,消费,花费,开销]","[多少钱,给钱,价格高,看价格,费用多,付费用,有优惠,给优惠,付现金,用现金,可以刷卡,用刷卡,支付宝,去支付,去付款,已付款,有零钱,换零钱,找钱给你,不用找钱,开发票,要发票,要收据,给收据,消费高,去消费,花费大,有花费,开销大,减少开销]","[钱,价格,费用,优惠,现金,刷卡,支付,付款,零钱,找钱,发票,收据,消费,花费,开销,多少钱,给钱,价格高,看价格,费用多,付费用,有优惠,给优惠,付现金,用现金,可以刷卡,用刷卡,支付宝,去支付,去付款,已付款,有零钱,换零钱,找钱给你,不用找钱,开发票,要发票,要收据,给收据,消费高,去消费,花费大,有花费,开销大,减少开销]"
62,At the Restaurant,Act IV: Mastery,"[菜单,点菜,推荐,招牌菜,味道,服务员,买单,结账,打包,外卖,堂食,包间,餐具,筷子,上菜,订座]","[看菜单,拿菜单,要点菜,来点菜,有推荐,请推荐,这是招牌菜,点招牌菜,味道好,尝味道,叫服务员,找服务员,要买单,来买单,要结账,去结账,要打包,帮我打包,点外卖,送外卖,选堂食,要堂食,订包间,有包间,拿餐具,用餐具,拿筷子,用筷子,上菜了,快上菜,要订座,已订座]","[菜单,点菜,推荐,招牌菜,味道,服务员,买单,结账,打包,外卖,堂食,包间,餐具,筷子,上菜,订座,看菜单,拿菜单,要点菜,来点菜,有推荐,请推荐,这是招牌菜,点招牌菜,味道好,尝味道,叫服务员,找服务员,要买单,来买单,要结账,去结账,要打包,帮我打包,点外卖,送外卖,选堂食,要堂食,订包间,有包间,拿餐具,用餐具,拿筷子,用筷子,上菜了,快上菜,要订座,已订座]"
63,At the Hotel,Act IV: Mastery,"[宾馆,单人间,双人间,订房,预订,入住,退房,押金,热水,前台,服务,客房,前厅,接待,行李员]","[住宾馆,找宾馆,要单人间,订单人间,要双人间,订双人间,要订房,去订房,已预订,要预订,办入住,已入住,要退房,办退房,交押金,退押金,有热水,开热水,去前台,在前台,服务好,要服务,住客房,打扫客房,在前厅,装修前厅,接待处,负责接待,找行李员,叫行李员]","[宾馆,单人间,双人间,订房,预订,入住,退房,押金,热水,前台,服务,客房,前厅,接待,行李员,住宾馆,找宾馆,要单人间,订单人间,要双人间,订双人间,要订房,去订房,已预订,要预订,办入住,已入住,要退房,办退房,交押金,退押金,有热水,开热水,去前台,在前台,服务好,要服务,住客房,打扫客房,在前厅,装修前厅,接待处,负责接待,找行李员,叫行李员]"
64,At the Airport,Act IV: Mastery,"[航班,登机,登机口,登机牌,托运,行李,安检,护照,签证,延误,到达,出发,国际,国内,候机,廊桥]","[查航班,等航班,去登机,准备登机,找登机口,到登机口,拿登机牌,打印登机牌,办托运,要托运,拿行李,取行李,过安检,排队安检,带护照,查护照,办签证,有签证,航班延误,有延误,已到达,准备到达,准备出发,已出发,是国际航班,飞国际,是国内航班,飞国内,在候机,去候机,走廊桥,通过廊桥]","[航班,登机,登机口,登机牌,托运,行李,安检,护照,签证,延误,到达,出发,国际,国内,候机,廊桥,查航班,等航班,去登机,准备登机,找登机口,到登机口,拿登机牌,打印登机牌,办托运,要托运,拿行李,取行李,过安检,排队安检,带护照,查护照,办签证,有签证,航班延误,有延误,已到达,准备到达,准备出发,已出发,是国际航班,飞国际,是国内航班,飞国内,在候机,去候机,走廊桥,通过廊桥]"
65,At the Doctor,Act IV: Mastery,"[诊所,医生,护士,挂号,看病,检查,化验,拍片,不舒服,疼痛,症状,吃药,打针,处方,门诊,急诊]","[去诊所,在诊所,找医生,看医生,找护士,叫护士,去挂号,已挂号,去看病,要看病,做检查,要检查,做化验,去化验,去拍片,要拍片,不舒服啊,哪里不舒服,有疼痛,感到疼痛,有症状,什么症状,要吃药,按时吃药,要打针,去打针,开处方,拿处方,看门诊,挂门诊,看急诊,挂急诊]","[诊所,医生,护士,挂号,看病,检查,化验,拍片,不舒服,疼痛,症状,吃药,打针,处方,门诊,急诊,去诊所,在诊所,找医生,看医生,找护士,叫护士,去挂号,已挂号,去看病,要看病,做检查,要检查,做化验,去化验,去拍片,要拍片,不舒服啊,哪里不舒服,有疼痛,感到疼痛,有症状,什么症状,要吃药,按时吃药,要打针,去打针,开处方,拿处方,看门诊,挂门诊,看急诊,挂急诊]"
66,Making Appointments,Act IV: Mastery,"[预约,下周,改期,确认,等候,排队,叫号,预约号,候诊,就诊,问诊,专家号,普通号,约号]","[要预约,已预约,下周见,等下周,要改期,能改期,确认下,请确认,等候中,请等候,排队中,去排队,叫号了,等叫号,有预约号,拿预约号,候诊中,在候诊,去就诊,准备就诊,问诊中,开始问诊,挂专家号,约专家号,挂普通号,约普通号,去约号,已约号]","[预约,下周,改期,确认,等候,排队,叫号,预约号,候诊,就诊,问诊,专家号,普通号,约号,要预约,已预约,下周见,等下周,要改期,能改期,确认下,请确认,等候中,请等候,排队中,去排队,叫号了,等叫号,有预约号,拿预约号,候诊中,在候诊,去就诊,准备就诊,问诊中,开始问诊,挂专家号,约专家号,挂普通号,约普通号,去约号,已约号]"
67,Weather Conversations,Act IV: Mastery,"[干燥,雨伞,防晒,变天,转凉,转暖,骤降,回暖,入冬,入夏,梅雨,台风,沙尘,雾霾,晴朗,阴沉,闷热]","[很干燥,天气干燥,带雨伞,买雨伞,要防晒,做防晒,要变天,快变天,天气转凉,开始转凉,天气转暖,开始转暖,气温骤降,温度骤降,天气回暖,开始回暖,已入冬,快入冬,已入夏,快入夏,梅雨季,下梅雨,有台风,刮台风,有沙尘,起沙尘,有雾霾,出现雾霾,天气晴朗,很晴朗,天气阴沉,很阴沉,天气闷热,很闷热]","[干燥,雨伞,防晒,变天,转凉,转暖,骤降,回暖,入冬,入夏,梅雨,台风,沙尘,雾霾,晴朗,阴沉,闷热,很干燥,天气干燥,带雨伞,买雨伞,要防晒,做防晒,要变天,快变天,天气转凉,开始转凉,天气转暖,开始转暖,气温骤降,温度骤降,天气回暖,开始回暖,已入冬,快入冬,已入夏,快入夏,梅雨季,下梅雨,有台风,刮台风,有沙尘,起沙尘,有雾霾,出现雾霾,天气晴朗,很晴朗,天气阴沉,很阴沉,天气闷热,很闷热]"
68,Phone Conversations,Act IV: Mastery,"[喂,请问,在吗,不在,稍等,方便,信号,回电,挂断,接电话,打电话,留言,语音,忙线,拨打,接通]","[喂你好,喂请问,请问一下,我想请问,在吗你,你在吗,不在家,人不在,稍等下,请稍等,方便吗,不方便,信号差,没信号,回电话,等回电,挂断了,被挂断,接电话吧,快接电话,打电话吧,去打电话,留言板,请留言,发语音,听语音,忙线中,电话忙线,拨打电话,请拨打,已接通,无法接通]","[喂,请问,在吗,不在,稍等,方便,信号,回电,挂断,接电话,打电话,留言,语音,忙线,拨打,接通,喂你好,喂请问,请问一下,我想请问,在吗你,你在吗,不在家,人不在,稍等下,请稍等,方便吗,不方便,信号差,没信号,回电话,等回电,挂断了,被挂断,接电话吧,快接电话,打电话吧,去打电话,留言板,请留言,发语音,听语音,忙线中,电话忙线,拨打电话,请拨打,已接通,无法接通]"
69,Social Situations,Act IV: Mastery,"[介绍,怎么样,老样子,聚会,联系,保持联系,顺利,朋友,熟人,陌生人,交往,相处,往来,熟悉,亲近,融洽,冷落]","[自我介绍,来介绍,最近怎么样,你怎么样,还是老样子,就老样子,参加聚会,办聚会,联系我,常联系,保持联系吧,要保持联系,很顺利,一切顺利,好朋友,交朋友,是熟人,见到熟人,是陌生人,遇到陌生人,正常交往,互相交往,好相处,容易相处,有往来,经常往来,很熟悉,不熟悉,很亲近,不亲近,很融洽,相处融洽,被冷落,别冷落]","[介绍,怎么样,老样子,聚会,联系,保持联系,顺利,朋友,熟人,陌生人,交往,相处,往来,熟悉,亲近,融洽,冷落,自我介绍,来介绍,最近怎么样,你怎么样,还是老样子,就老样子,参加聚会,办聚会,联系我,常联系,保持联系吧,要保持联系,很顺利,一切顺利,好朋友,交朋友,是熟人,见到熟人,是陌生人,遇到陌生人,正常交往,互相交往,好相处,容易相处,有往来,经常往来,很熟悉,不熟悉,很亲近,不亲近,很融洽,相处融洽,被冷落,别冷落]"
70,Invitations & Offers,Act IV: Mastery,"[邀请,请客,做客,一起,参加,出席,接受,答应,拒绝,婉拒,改天,下次,感谢,客气,不好意思,款待,招待,盛情]","[邀请你,收到邀请,我请客,谁请客,来做客,欢迎做客,一起去,一起吃,参加活动,来参加,出席会议,来出席,接受邀请,愿意接受,答应你,已答应,拒绝了,被拒绝,婉拒了,只好婉拒,改天吧,等改天,下次吧,等下次,感谢你,非常感谢,太客气,别客气,不好意思啊,真不好意思,款待你,感谢款待,招待你,感谢招待,盛情难却,感谢盛情]","[邀请,请客,做客,一起,参加,出席,接受,答应,拒绝,婉拒,改天,下次,感谢,客气,不好意思,款待,招待,盛情,邀请你,收到邀请,我请客,谁请客,来做客,欢迎做客,一起去,一起吃,参加活动,来参加,出席会议,来出席,接受邀请,愿意接受,答应你,已答应,拒绝了,被拒绝,婉拒了,只好婉拒,改天吧,等改天,下次吧,等下次,感谢你,非常感谢,太客气,别客气,不好意思啊,真不好意思,款待你,感谢款待,招待你,感谢招待,盛情难却,感谢盛情]"
71,Agreeing & Disagreeing,Act IV: Mastery,"[同意,赞成,支持,认同,反对,不同意,有道理,没道理,不对,不一定,看情况,妥协,认可,接纳]","[我同意,表示同意,我赞成,表示赞成,我支持,表示支持,我认同,表示认同,我反对,表示反对,我不同意,表示不同意,很有道理,说的有道理,没道理啊,说的没道理,不对吧,这不对,不一定吧,也不一定,看情况吧,要看情况,做妥协,互相妥协,得到认可,获得认可,得到接纳,获得接纳]","[同意,赞成,支持,认同,反对,不同意,有道理,没道理,不对,不一定,看情况,妥协,认可,接纳,我同意,表示同意,我赞成,表示赞成,我支持,表示支持,我认同,表示认同,我反对,表示反对,我不同意,表示不同意,很有道理,说的有道理,没道理啊,说的没道理,不对吧,这不对,不一定吧,也不一定,看情况吧,要看情况,做妥协,互相妥协,得到认可,获得认可,得到接纳,获得接纳]"
72,Expressing Certainty,Act IV: Mastery,"[确定,肯定,一定,绝对,当然,必然,不确定,可能,也许,大概,恐怕,难说,保准,准保,铁定,断定]","[我确定,确定吗,很肯定,不肯定,一定会,一定要,绝对是,绝对不,当然是,当然会,必然会,是必然,不确定啊,还不确定,可能是,有可能,也许吧,也许会,大概是,大概会,恐怕是,恐怕会,难说啊,还难说,保准行,保准没问题,准保成功,准保可以,铁定赢,铁定会,断定是,可以断定]","[确定,肯定,一定,绝对,当然,必然,不确定,可能,也许,大概,恐怕,难说,保准,准保,铁定,断定,我确定,确定吗,很肯定,不肯定,一定会,一定要,绝对是,绝对不,当然是,当然会,必然会,是必然,不确定啊,还不确定,可能是,有可能,也许吧,也许会,大概是,大概会,恐怕是,恐怕会,难说啊,还难说,保准行,保准没问题,准保成功,准保可以,铁定赢,铁定会,断定是,可以断定]"
73,Time Expressions,Act IV: Mastery,"[刚刚,立刻,之前,之后,正在,已经,还没,终于,即时,瞬时,当即,随即,旋即,继而,尔后,此刻]","[刚刚说,刚刚到,立刻去,立刻做,之前说,在之前,之后说,在之后,正在做,正在吃,已经到,已经走,还没到,还没吃,终于到,终于完成,即时通讯,即时更新,瞬时速度,瞬时变化,当即决定,当即回复,随即离开,随即出发,旋即返回,旋即消失,继而发展,继而出现,尔后再说,尔后决定,此刻开始,在此刻]","[刚刚,立刻,之前,之后,正在,已经,还没,终于,即时,瞬时,当即,随即,旋即,继而,尔后,此刻,刚刚说,刚刚到,立刻去,立刻做,之前说,在之前,之后说,在之后,正在做,正在吃,已经到,已经走,还没到,还没吃,终于到,终于完成,即时通讯,即时更新,瞬时速度,瞬时变化,当即决定,当即回复,随即离开,随即出发,旋即返回,旋即消失,继而发展,继而出现,尔后再说,尔后决定,此刻开始,在此刻]"
74,Frequency Expressions,Act IV: Mastery,"[天天,每次,每回,经常,常常,有时,偶尔,很少,难得,从不,从来,总是,一直,第一次,最后一次,日常]","[天天见,天天练,每次都,每次来,每回都,每回说,经常来,经常去,常常想,常常说,有时候,有时会,偶尔来,偶尔想,很少来,很少说,难得来,难得见,从不说,从不去,从来不,从来都,总是说,总是这样,一直都,一直是,第一次来,是第一次,最后一次了,是最后一次,日常生活,日常工作]","[天天,每次,每回,经常,常常,有时,偶尔,很少,难得,从不,从来,总是,一直,第一次,最后一次,日常,天天见,天天练,每次都,每次来,每回都,每回说,经常来,经常去,常常想,常常说,有时候,有时会,偶尔来,偶尔想,很少来,很少说,难得来,难得见,从不说,从不去,从来不,从来都,总是说,总是这样,一直都,一直是,第一次来,是第一次,最后一次了,是最后一次,日常生活,日常工作]"
75,Describing Amounts,Act IV: Mastery,"[很多,许多,大量,一点,一些,足够,不够,刚好,太多,太少,左右,大约,超过,不到,不少]","[很多人,有很多,许多人,有许多,大量的,有大量,一点点,有一点,一些人,有一些,足够了,已足够,不够用,还不够,刚好够,刚好是,太多了,有太多,太少了,有太少,左右吧,十个左右,大约是,大约有,超过了,已超过,不到十,还不到,不少人,有不少]","[很多,许多,大量,一点,一些,足够,不够,刚好,太多,太少,左右,大约,超过,不到,不少,很多人,有很多,许多人,有许多,大量的,有大量,一点点,有一点,一些人,有一些,足够了,已足够,不够用,还不够,刚好够,刚好是,太多了,有太多,太少了,有太少,左右吧,十个左右,大约是,大约有,超过了,已超过,不到十,还不到,不少人,有不少]"
76,Quality Descriptions,Act IV: Mastery,"[正品,假货,山寨,劣质,一流,二流,性价比,值得,不值,耐用,牢固,上乘,低劣,粗糙,精致,精良]","[是正品,买正品,是假货,卖假货,是山寨,山寨货,很劣质,是劣质,一流的,很一流,二流的,是二流,性价比高,看性价比,很值得,值得买,不值得,不值这个价,很耐用,特别耐用,很牢固,特别牢固,上乘品质,品质上乘,很低劣,品质低劣,很粗糙,做工粗糙,很精致,做工精致,很精良,制作精良]","[正品,假货,山寨,劣质,一流,二流,性价比,值得,不值,耐用,牢固,上乘,低劣,粗糙,精致,精良,是正品,买正品,是假货,卖假货,是山寨,山寨货,很劣质,是劣质,一流的,很一流,二流的,是二流,性价比高,看性价比,很值得,值得买,不值得,不值这个价,很耐用,特别耐用,很牢固,特别牢固,上乘品质,品质上乘,很低劣,品质低劣,很粗糙,做工粗糙,很精致,做工精致,很精良,制作精良]"
77,Making Comparisons,Act IV: Mastery,"[比较,更,不如,一样,相同,不同,差不多,相似,区别,优于,胜过,比起,相比,对比,较,略胜]","[比较好,做比较,更好,更大,不如你,不如他,一样的,都一样,相同的,完全相同,不同的,完全不同,差不多吧,都差不多,很相似,非常相似,有区别,没区别,优于他,远优于,胜过他,略胜过,比起你,比起他,相比之下,与之相比,对比一下,进行对比,较好,较大,略胜一筹,稍微略胜]","[比较,更,不如,一样,相同,不同,差不多,相似,区别,优于,胜过,比起,相比,对比,较,略胜,比较好,做比较,更好,更大,不如你,不如他,一样的,都一样,相同的,完全相同,不同的,完全不同,差不多吧,都差不多,很相似,非常相似,有区别,没区别,优于他,远优于,胜过他,略胜过,比起你,比起他,相比之下,与之相比,对比一下,进行对比,较好,较大,略胜一筹,稍微略胜]"
78,Expressing Preferences,Act IV: Mastery,"[喜欢,爱,最爱,偏爱,偏好,讨厌,不喜欢,无所谓,一般,还行,选择,倾向,宁可,宁愿,首选,次选]","[我喜欢,很喜欢,我爱,很爱,我最爱,是最爱,我偏爱,有点偏爱,我的偏好,个人偏好,我讨厌,很讨厌,我不喜欢,有点不喜欢,无所谓啊,我无所谓,一般般,很一般,还行吧,觉得还行,我选择,做选择,我倾向,有倾向,宁可不,我宁可,宁愿走,我宁愿,是首选,我的首选,是次选,作为次选]","[喜欢,爱,最爱,偏爱,偏好,讨厌,不喜欢,无所谓,一般,还行,选择,倾向,宁可,宁愿,首选,次选,我喜欢,很喜欢,我爱,很爱,我最爱,是最爱,我偏爱,有点偏爱,我的偏好,个人偏好,我讨厌,很讨厌,我不喜欢,有点不喜欢,无所谓啊,我无所谓,一般般,很一般,还行吧,觉得还行,我选择,做选择,我倾向,有倾向,宁可不,我宁可,宁愿走,我宁愿,是首选,我的首选,是次选,作为次选]"
79,Giving Reasons,Act IV: Mastery,"[因为,由于,所以,理由,缘故,缘由,解释,说明,根据,基于,鉴于,既然,之所以,根由,归咎,根本原因]","[因为你,是因为,由于天气,由于时间,所以说,所以我,理由是,有理由,缘故是,什么缘故,缘由是,追问缘由,解释下,做解释,说明下,做说明,根据规定,根据情况,基于事实,基于此,鉴于此,鉴于情况,既然如此,既然你,之所以这样,之所以说,根由是,追寻根由,归咎于,不能归咎,根本原因是,找根本原因]","[因为,由于,所以,理由,缘故,缘由,解释,说明,根据,基于,鉴于,既然,之所以,根由,归咎,根本原因,因为你,是因为,由于天气,由于时间,所以说,所以我,理由是,有理由,缘故是,什么缘故,缘由是,追问缘由,解释下,做解释,说明下,做说明,根据规定,根据情况,基于事实,基于此,鉴于此,鉴于情况,既然如此,既然你,之所以这样,之所以说,根由是,追寻根由,归咎于,不能归咎,根本原因是,找根本原因]"
80,Personality Traits,Act V: Refinement,"[性格,开朗,内向,外向,活泼,安静,热情,冷淡,幽默,严肃,温柔,粗暴,耐心,急躁,乐观,悲观,自信]","[性格好,看性格,很开朗,性格开朗,很内向,比较内向,很外向,比较外向,很活泼,性格活泼,很安静,比较安静,很热情,特别热情,很冷淡,态度冷淡,很幽默,特别幽默,很严肃,态度严肃,很温柔,特别温柔,很粗暴,态度粗暴,很耐心,特别耐心,很急躁,比较急躁,很乐观,特别乐观,很悲观,比较悲观,很自信,特别自信]","[性格,开朗,内向,外向,活泼,安静,热情,冷淡,幽默,严肃,温柔,粗暴,耐心,急躁,乐观,悲观,自信,性格好,看性格,很开朗,性格开朗,很内向,比较内向,很外向,比较外向,很活泼,性格活泼,很安静,比较安静,很热情,特别热情,很冷淡,态度冷淡,很幽默,特别幽默,很严肃,态度严肃,很温柔,特别温柔,很粗暴,态度粗暴,很耐心,特别耐心,很急躁,比较急躁,很乐观,特别乐观,很悲观,比较悲观,很自信,特别自信]"
81,Culture & Traditions,Act V: Refinement,"[文化,传统,习俗,风俗,节日,春节,中秋节,端午节,清明节,元宵节,红包,礼物,拜年,团圆,放鞭炮,贴春联]","[中国文化,学文化,传统的,保持传统,习俗是,当地习俗,风俗习惯,本地风俗,过节日,什么节日,过春节,庆祝春节,过中秋节,庆祝中秋节,过端午节,庆祝端午节,过清明节,是清明节,过元宵节,庆祝元宵节,发红包,收红包,送礼物,收礼物,去拜年,拜年好,家人团圆,阖家团圆,放鞭炮吧,去放鞭炮,贴春联吧,去贴春联]","[文化,传统,习俗,风俗,节日,春节,中秋节,端午节,清明节,元宵节,红包,礼物,拜年,团圆,放鞭炮,贴春联,中国文化,学文化,传统的,保持传统,习俗是,当地习俗,风俗习惯,本地风俗,过节日,什么节日,过春节,庆祝春节,过中秋节,庆祝中秋节,过端午节,庆祝端午节,过清明节,是清明节,过元宵节,庆祝元宵节,发红包,收红包,送礼物,收礼物,去拜年,拜年好,家人团圆,阖家团圆,放鞭炮吧,去放鞭炮,贴春联吧,去贴春联]"
82,Chinese Arts & Heritage,Act V: Refinement,"[中国,龙,凤,熊猫,功夫,武术,太极拳,书法,国画,京剧,茶道,中医,针灸,剪纸,刺绣,陶瓷,丝绸]","[去中国,在中国,中国龙,像龙,凤凰,像凤,大熊猫,看熊猫,学功夫,练功夫,学武术,练武术,打太极拳,练太极拳,学书法,练书法,学国画,画国画,看京剧,唱京剧,学茶道,懂茶道,看中医,学中医,做针灸,学针灸,学剪纸,做剪纸,学刺绣,做刺绣,陶瓷品,做陶瓷,丝绸布,买丝绸]","[中国,龙,凤,熊猫,功夫,武术,太极拳,书法,国画,京剧,茶道,中医,针灸,剪纸,刺绣,陶瓷,丝绸,去中国,在中国,中国龙,像龙,凤凰,像凤,大熊猫,看熊猫,学功夫,练功夫,学武术,练武术,打太极拳,练太极拳,学书法,练书法,学国画,画国画,看京剧,唱京剧,学茶道,懂茶道,看中医,学中医,做针灸,学针灸,学剪纸,做剪纸,学刺绣,做刺绣,陶瓷品,做陶瓷,丝绸布,买丝绸]"
83,Time Expressions Advanced,Act V: Refinement,"[随时,及时,按时,暂时,临时,当时,那时,此时,届时,即将,即刻,片刻,瞬间,长期,短期,与此同时]","[随时都可以,随时联系,及时处理,要及时,按时到,要按时,暂时不,暂时的,临时的,是临时,当时说,在当时,那时候,在那时,此时此刻,在此时,届时见,届时通知,即将到来,即将开始,即刻出发,即刻执行,片刻之后,稍等片刻,瞬间消失,就在瞬间,长期的,做长期,短期的,做短期,与此同时说,与此同时做]","[随时,及时,按时,暂时,临时,当时,那时,此时,届时,即将,即刻,片刻,瞬间,长期,短期,与此同时,随时都可以,随时联系,及时处理,要及时,按时到,要按时,暂时不,暂时的,临时的,是临时,当时说,在当时,那时候,在那时,此时此刻,在此时,届时见,届时通知,即将到来,即将开始,即刻出发,即刻执行,片刻之后,稍等片刻,瞬间消失,就在瞬间,长期的,做长期,短期的,做短期,与此同时说,与此同时做]"
84,Frequency & Duration,Act V: Refinement,"[频率,频繁,反复,重复,连续,持续,断断续续,时不时,时常,长久,短暂,永久,一时,整天,整夜,通宵]","[频率高,看频率,很频繁,太频繁,反复做,反复说,重复了,不要重复,连续三天,连续工作,持续发展,持续进行,断断续续的,说的断断续续,时不时的,时不时想起,时常想,时常来,长久之计,不能长久,短暂的,很短暂,永久的,是永久,一时冲动,一时兴起,整天忙,忙整天,整夜工作,忙了整夜,通宵工作,熬了通宵]","[频率,频繁,反复,重复,连续,持续,断断续续,时不时,时常,长久,短暂,永久,一时,整天,整夜,通宵,频率高,看频率,很频繁,太频繁,反复做,反复说,重复了,不要重复,连续三天,连续工作,持续发展,持续进行,断断续续的,说的断断续续,时不时的,时不时想起,时常想,时常来,长久之计,不能长久,短暂的,很短暂,永久的,是永久,一时冲动,一时兴起,整天忙,忙整天,整夜工作,忙了整夜,通宵工作,熬了通宵]"
85,Comparison & Degree,Act V: Refinement,"[相当,极其,尤其,特别,更加,越来越,越发,稀微,略微,差一点,几乎,完全,愈发,极端]","[相当好,相当不错,极其重要,极其困难,尤其是,尤其喜欢,特别好,特别喜欢,更加好,更加努力,越来越好,越来越多,越发觉得,越发明显,稀微不同,稀微差别,略微不同,略微调整,差一点就,差一点成功,几乎是,几乎完成,完全同意,完全不同,愈发严重,愈发觉得,极端情况,太极端]","[相当,极其,尤其,特别,更加,越来越,越发,稀微,略微,差一点,几乎,完全,愈发,极端,相当好,相当不错,极其重要,极其困难,尤其是,尤其喜欢,特别好,特别喜欢,更加好,更加努力,越来越好,越来越多,越发觉得,越发明显,稀微不同,稀微差别,略微不同,略微调整,差一点就,差一点成功,几乎是,几乎完成,完全同意,完全不同,愈发严重,愈发觉得,极端情况,太极端]"
86,Cause & Effect,Act V: Refinement,"[原因,结果,因果,导致,造成,引起,产生,带来,影响,后果,根源,起因,归因于,源于,由此,因而]","[原因是,找原因,结果是,看结果,因果关系,有因果,导致了,会导致,造成了,会造成,引起了,会引起,产生了,会产生,带来了,会带来,影响大,有影响,后果严重,承担后果,根源在,找根源,起因是,查起因,归因于他,可归因于,源于此,源于过去,由此可见,由此产生,因而导致,因而决定]","[原因,结果,因果,导致,造成,引起,产生,带来,影响,后果,根源,起因,归因于,源于,由此,因而,原因是,找原因,结果是,看结果,因果关系,有因果,导致了,会导致,造成了,会造成,引起了,会引起,产生了,会产生,带来了,会带来,影响大,有影响,后果严重,承担后果,根源在,找根源,起因是,查起因,归因于他,可归因于,源于此,源于过去,由此可见,由此产生,因而导致,因而决定]"
87,Conditions & Assumptions,Act V: Refinement,"[如果,假如,假设,假使,万一,除非,只要,只有,否则,不然,要不,虽然,尽管,即使,哪怕,无论]","[如果是,如果说,假如是,假如说,假设是,假设说,假使是,假使如此,万一呢,万一是,除非是,除非你,只要是,只要你,只有你,只有这样,否则会,否则就,不然会,不然就,要不然,要不就,虽然是,虽然说,尽管是,尽管如此,即使是,即使这样,哪怕是,哪怕只有,无论是,无论如何]","[如果,假如,假设,假使,万一,除非,只要,只有,否则,不然,要不,虽然,尽管,即使,哪怕,无论,如果是,如果说,假如是,假如说,假设是,假设说,假使是,假使如此,万一呢,万一是,除非是,除非你,只要是,只要你,只有你,只有这样,否则会,否则就,不然会,不然就,要不然,要不就,虽然是,虽然说,尽管是,尽管如此,即使是,即使这样,哪怕是,哪怕只有,无论是,无论如何]"
88,Conjunctions & Connectors,Act V: Refinement,"[和,与,跟,或者,还是,但是,可是,然而,不过,而且,并且,况且,同时,另外,此外,总之]","[我和你,和他,我与你,与他,我跟你,跟他,或者说,或者是,还是说,还是你,但是呢,但是说,可是呢,可是说,然而呢,然而是,不过呢,不过说,而且是,而且还,并且是,并且还,况且是,况且说,同时也,与此同时,另外还,另外说,此外还,此外是,总之是,总之说]","[和,与,跟,或者,还是,但是,可是,然而,不过,而且,并且,况且,同时,另外,此外,总之,我和你,和他,我与你,与他,我跟你,跟他,或者说,或者是,还是说,还是你,但是呢,但是说,可是呢,可是说,然而呢,然而是,不过呢,不过说,而且是,而且还,并且是,并且还,况且是,况且说,同时也,与此同时,另外还,另外说,此外还,此外是,总之是,总之说]"
89,Modal Particles & Mood,Act V: Refinement,"[吗,吧,呢,啊,呀,哦,嘛,哎,唉,哈,噢,嗯,诶,得了,罢了,而已]","[是吗,好吗,走吧,好吧,你呢,是呢,好啊,对啊,好呀,是呀,哦是,哦好,是嘛,好嘛,哎呀,哎哟,唉声叹气,唉算了,哈哈,哈好,噢原来,噢好的,嗯好,嗯对,诶那个,诶对,得了吧,算得了,罢了吧,算罢了,而已啦,仅此而已]","[吗,吧,呢,啊,呀,哦,嘛,哎,唉,哈,噢,嗯,诶,得了,罢了,而已,是吗,好吗,走吧,好吧,你呢,是呢,好啊,对啊,好呀,是呀,哦是,哦好,是嘛,好嘛,哎呀,哎哟,唉声叹气,唉算了,哈哈,哈好,噢原来,噢好的,嗯好,嗯对,诶那个,诶对,得了吧,算得了,罢了吧,算罢了,而已啦,仅此而已]"
90,Structural Particles,Act V: Refinement,"[的,地,得,了,着,过,起来,下去,出来,进去,上来,下来,回来,过来,过去,开]","[我的,好的,慢慢地,快速地,跑得快,做得好,走了,来了,看着,听着,去过,来过,站起来,跑起来,走下去,说下去,拿出来,走出来,走进去,跑进去,爬上来,走上来,走下来,跑下来,走回来,跑回来,走过来,跑过来,走过去,跑过去,打开,离开]","[的,地,得,了,着,过,起来,下去,出来,进去,上来,下来,回来,过来,过去,开,我的,好的,慢慢地,快速地,跑得快,做得好,走了,来了,看着,听着,去过,来过,站起来,跑起来,走下去,说下去,拿出来,走出来,走进去,跑进去,爬上来,走上来,走下来,跑下来,走回来,跑回来,走过来,跑过来,走过去,跑过去,打开,离开]"
91,Common Sentence Patterns,Act V: Refinement,"[把,被,让,叫,使,比,向,往,从,为,关于,按照,令,朝]","[把它,把这个,被人,被发现,让他,让我,叫他,叫做,使人,使用,比他,比你,向你,向前,往前,往后,从这,从那,为你,为了,关于这,关于他,按照规定,按照计划,令人,令他,朝前,朝着]","[把,被,让,叫,使,比,向,往,从,为,关于,按照,令,朝,把它,把这个,被人,被发现,让他,让我,叫他,叫做,使人,使用,比他,比你,向你,向前,往前,往后,从这,从那,为你,为了,关于这,关于他,按照规定,按照计划,令人,令他,朝前,朝着]"
92,Describing Things,Act V: Refinement,"[东西,物品,事情,事物,类型,种类,样子,形状,外观,大小,尺寸,长度,重量,材料,材质,质地]","[买东西,什么东西,贵重物品,个人物品,这件事情,什么事情,各种事物,新事物,什么类型,这种类型,什么种类,各种种类,什么样子,这样子,什么形状,圆形状,外观好,看外观,大小合适,什么大小,尺寸对,量尺寸,长度够,测长度,重量轻,称重量,材料好,用材料,材质好,看材质,质地软,好质地]","[东西,物品,事情,事物,类型,种类,样子,形状,外观,大小,尺寸,长度,重量,材料,材质,质地,买东西,什么东西,贵重物品,个人物品,这件事情,什么事情,各种事物,新事物,什么类型,这种类型,什么种类,各种种类,什么样子,这样子,什么形状,圆形状,外观好,看外观,大小合适,什么大小,尺寸对,量尺寸,长度够,测长度,重量轻,称重量,材料好,用材料,材质好,看材质,质地软,好质地]"
93,Quantities & Amounts,Act V: Refinement,"[全部,所有,整个,全体,每个,各个,各种,部分,一部分,大部分,小部分,有些,某些,多数,少数,若干]","[全部都,全部是,所有人,所有的,整个人,整个世界,全体人员,全体起立,每个人,每个都,各个方面,各个地方,各种各样,各种情况,部分人,这部分,一部分人,有一部分,大部分人,占大部分,小部分人,只有小部分,有些人,有些事,某些人,某些事,多数人,大多数,少数人,少数民族,若干人,若干问题]","[全部,所有,整个,全体,每个,各个,各种,部分,一部分,大部分,小部分,有些,某些,多数,少数,若干,全部都,全部是,所有人,所有的,整个人,整个世界,全体人员,全体起立,每个人,每个都,各个方面,各个地方,各种各样,各种情况,部分人,这部分,一部分人,有一部分,大部分人,占大部分,小部分人,只有小部分,有些人,有些事,某些人,某些事,多数人,大多数,少数人,少数民族,若干人,若干问题]"
94,Extent & Degree,Act V: Refinement,"[程度,非常,很,太,极,最,挺,蛮,有点,十分,格外,分外,甚,稀稀,略,颇]","[程度高,到什么程度,非常好,非常感谢,很好,很大,太好,太大,极好,极大,最好,最大,挺好,挺大,蛮好,蛮大,有点累,有点难,十分感谢,十分重要,格外重要,格外小心,分外高兴,分外珍惜,甚好,甚至,稀稀疏疏,稀稀落落,略有,略微,颇有,颇为]","[程度,非常,很,太,极,最,挺,蛮,有点,十分,格外,分外,甚,稀稀,略,颇,程度高,到什么程度,非常好,非常感谢,很好,很大,太好,太大,极好,极大,最好,最大,挺好,挺大,蛮好,蛮大,有点累,有点难,十分感谢,十分重要,格外重要,格外小心,分外高兴,分外珍惜,甚好,甚至,稀稀疏疏,稀稀落落,略有,略微,颇有,颇为]"
95,Emphasis & Intensifiers,Act V: Refinement,"[就是,正是,只是,仅仅,偏偏,恰恰,竟然,居然,简直,根本,确实,的确,实在,究竟,到底,果然]","[就是他,就是这样,正是他,正是如此,只是说,只是想,仅仅是,仅仅因为,偏偏是,偏偏要,恰恰相反,恰恰是,竟然是,竟然会,居然是,居然会,简直是,简直不敢相信,根本不,根本没有,确实是,确实好,的确是,的确好,实在是,实在太,究竟是,究竟怎么,到底是,到底怎么,果然是,果然如此]","[就是,正是,只是,仅仅,偏偏,恰恰,竟然,居然,简直,根本,确实,的确,实在,究竟,到底,果然,就是他,就是这样,正是他,正是如此,只是说,只是想,仅仅是,仅仅因为,偏偏是,偏偏要,恰恰相反,恰恰是,竟然是,竟然会,居然是,居然会,简直是,简直不敢相信,根本不,根本没有,确实是,确实好,的确是,的确好,实在是,实在太,究竟是,究竟怎么,到底是,到底怎么,果然是,果然如此]"
96,Describing Problems,Act V: Refinement,"[困难,难题,难处,障碍,困境,危机,差错,故障,缺陷,不足,严重,棘手,复杂,糟糕]","[有困难,遇到困难,有难题,解决难题,有难处,说难处,有障碍,克服障碍,陷入困境,摆脱困境,有危机,面临危机,有差错,出差错,有故障,出故障,有缺陷,存在缺陷,有不足,弥补不足,很严重,特别严重,很棘手,比较棘手,很复杂,特别复杂,很糟糕,太糟糕]","[困难,难题,难处,障碍,困境,危机,差错,故障,缺陷,不足,严重,棘手,复杂,糟糕,有困难,遇到困难,有难题,解决难题,有难处,说难处,有障碍,克服障碍,陷入困境,摆脱困境,有危机,面临危机,有差错,出差错,有故障,出故障,有缺陷,存在缺陷,有不足,弥补不足,很严重,特别严重,很棘手,比较棘手,很复杂,特别复杂,很糟糕,太糟糕]"
97,Solutions & Methods,Act V: Refinement,"[解决,处理,应对,克服,办法,方法,措施,方案,对策,建议,改善,改进,优化,调整,补救,策划,提议]","[解决问题,去解决,处理好,去处理,应对好,积极应对,克服困难,去克服,有办法,想办法,有方法,找方法,采取措施,有措施,制定方案,有方案,有对策,想对策,有建议,提建议,改善情况,有改善,改进工作,有改进,优化流程,去优化,调整好,做调整,补救措施,去补救,策划活动,去策划,有提议,提出提议]","[解决,处理,应对,克服,办法,方法,措施,方案,对策,建议,改善,改进,优化,调整,补救,策划,提议,解决问题,去解决,处理好,去处理,应对好,积极应对,克服困难,去克服,有办法,想办法,有方法,找方法,采取措施,有措施,制定方案,有方案,有对策,想对策,有建议,提建议,改善情况,有改善,改进工作,有改进,优化流程,去优化,调整好,做调整,补救措施,去补救,策划活动,去策划,有提议,提出提议]"
98,Education & Learning,Act V: Refinement,"[教育,学习,培训,研究,学问,知识,能力,技能,学历,文凭,学位,课程,专业,科目,进修,自学]","[教育好,受教育,学习好,爱学习,参加培训,做培训,做研究,研究下,有学问,做学问,有知识,学知识,有能力,提高能力,有技能,学技能,学历高,看学历,有文凭,拿文凭,有学位,拿学位,上课程,选课程,学专业,选专业,考科目,选科目,去进修,继续进修,靠自学,坚持自学]","[教育,学习,培训,研究,学问,知识,能力,技能,学历,文凭,学位,课程,专业,科目,进修,自学,教育好,受教育,学习好,爱学习,参加培训,做培训,做研究,研究下,有学问,做学问,有知识,学知识,有能力,提高能力,有技能,学技能,学历高,看学历,有文凭,拿文凭,有学位,拿学位,上课程,选课程,学专业,选专业,考科目,选科目,去进修,继续进修,靠自学,坚持自学]"
99,Career Development,Act V: Refinement,"[职业,工作,就业,求职,找工作,面试,简历,录用,入职,试用期,转正,升职,加薪,调动,辞职,跳槽]","[什么职业,选职业,工作忙,有工作,就业率,促进就业,去求职,正在求职,找工作难,帮找工作,去面试,准备面试,写简历,投简历,被录用,正式录用,办入职,刚入职,试用期内,过试用期,申请转正,已转正,申请升职,获得升职,申请加薪,获得加薪,工作调动,申请调动,要辞职,提交辞职,想跳槽,准备跳槽]","[职业,工作,就业,求职,找工作,面试,简历,录用,入职,试用期,转正,升职,加薪,调动,辞职,跳槽,什么职业,选职业,工作忙,有工作,就业率,促进就业,去求职,正在求职,找工作难,帮找工作,去面试,准备面试,写简历,投简历,被录用,正式录用,办入职,刚入职,试用期内,过试用期,申请转正,已转正,申请升职,获得升职,申请加薪,获得加薪,工作调动,申请调动,要辞职,提交辞职,想跳槽,准备跳槽]"
100,Banking & Finance,Act V: Refinement,"[账户,存款,取款,转账,汇款,贷款,利息,信用卡,借记卡,余额,账单,手续费,理财,投资,柜台,储蓄]","[开账户,银行账户,存款额,去存款,取款机,去取款,转账吧,去转账,汇款单,去汇款,贷款额,申请贷款,利息高,算利息,刷信用卡,办信用卡,刷借记卡,办借记卡,查余额,看余额,看账单,还账单,手续费高,收手续费,理财产品,学理财,投资好,去投资,去柜台,在柜台,储蓄卡,定期储蓄]","[账户,存款,取款,转账,汇款,贷款,利息,信用卡,借记卡,余额,账单,手续费,理财,投资,柜台,储蓄,开账户,银行账户,存款额,去存款,取款机,去取款,转账吧,去转账,汇款单,去汇款,贷款额,申请贷款,利息高,算利息,刷信用卡,办信用卡,刷借记卡,办借记卡,查余额,看余额,看账单,还账单,手续费高,收手续费,理财产品,学理财,投资好,去投资,去柜台,在柜台,储蓄卡,定期储蓄]"
101,Government & Society,Act V: Refinement,"[政府,国家,社会,公民,法律,法规,政策,规定,制度,权利,义务,经济,发展,改革,民主,自由]","[政府部门,地方政府,国家大事,爱国家,社会问题,服务社会,公民权利,好公民,法律规定,懂法律,法规要求,遵守法规,政策好,新政策,规定是,按规定,制度好,建立制度,有权利,维护权利,有义务,尽义务,经济发展,搞经济,发展好,促进发展,改革开放,深化改革,民主选举,讲民主,自由平等,追求自由]","[政府,国家,社会,公民,法律,法规,政策,规定,制度,权利,义务,经济,发展,改革,民主,自由,政府部门,地方政府,国家大事,爱国家,社会问题,服务社会,公民权利,好公民,法律规定,懂法律,法规要求,遵守法规,政策好,新政策,规定是,按规定,制度好,建立制度,有权利,维护权利,有义务,尽义务,经济发展,搞经济,发展好,促进发展,改革开放,深化改革,民主选举,讲民主,自由平等,追求自由]"
102,Describing Processes,Act V: Refinement,"[过程,流程,程序,步骤,阶段,环节,首先,其次,然后,接着,最后,最终,完成,进展,进度,终结]","[整个过程,在过程中,工作流程,走流程,操作程序,按程序,操作步骤,分步骤,不同阶段,在这阶段,关键环节,每个环节,首先是,首先说,其次是,其次说,然后是,然后说,接着是,接着说,最后是,最后说,最终是,最终会,完成了,已完成,有进展,看进展,看进度,赶进度,终结了,宣告终结]","[过程,流程,程序,步骤,阶段,环节,首先,其次,然后,接着,最后,最终,完成,进展,进度,终结,整个过程,在过程中,工作流程,走流程,操作程序,按程序,操作步骤,分步骤,不同阶段,在这阶段,关键环节,每个环节,首先是,首先说,其次是,其次说,然后是,然后说,接着是,接着说,最后是,最后说,最终是,最终会,完成了,已完成,有进展,看进展,看进度,赶进度,终结了,宣告终结]"
103,Logical Relations,Act V: Refinement,"[逻辑,因此,从而,于是,那么,相反,反之,总而言之,比如,例如,譬如,换言之,也就是说,简言之,故而,事实上]","[有逻辑,讲逻辑,因此说,因此我,从而导致,从而使,于是说,于是我,那么说,那么我,相反的,恰恰相反,反之亦然,反之则,总而言之呢,总而言之是,比如说,比如这,例如说,例如这,譬如说,譬如这,换言之就是,换言之说,也就是说呢,也就是说吧,简言之就是,简言之说,故而导致,故而决定,事实上是,事实上说]","[逻辑,因此,从而,于是,那么,相反,反之,总而言之,比如,例如,譬如,换言之,也就是说,简言之,故而,事实上,有逻辑,讲逻辑,因此说,因此我,从而导致,从而使,于是说,于是我,那么说,那么我,相反的,恰恰相反,反之亦然,反之则,总而言之呢,总而言之是,比如说,比如这,例如说,例如这,譬如说,譬如这,换言之就是,换言之说,也就是说呢,也就是说吧,简言之就是,简言之说,故而导致,故而决定,事实上是,事实上说]"
104,Quality & Standards,Act V: Refinement,"[品质,质量,标准,规格,检验,检测,合格,不合格,达标,优质,优良,次品,瑕疵,认证,规范]","[品质好,高品质,质量好,保证质量,标准高,按标准,规格表,按规格,检验员,做检验,检测报告,做检测,合格了,检验合格,不合格品,检验不合格,达标了,已达标,优质品,提供优质,优良品种,品质优良,是次品,有次品,有瑕疵,无瑕疵,通过认证,做认证,规范化,按规范]","[品质,质量,标准,规格,检验,检测,合格,不合格,达标,优质,优良,次品,瑕疵,认证,规范,品质好,高品质,质量好,保证质量,标准高,按标准,规格表,按规格,检验员,做检验,检测报告,做检测,合格了,检验合格,不合格品,检验不合格,达标了,已达标,优质品,提供优质,优良品种,品质优良,是次品,有次品,有瑕疵,无瑕疵,通过认证,做认证,规范化,按规范]"
105,Evaluation & Assessment,Act V: Refinement,"[评价,评估,评论,评判,判断,认为,觉得,看来,显然,好像,似乎,估计,预计,预测,分析,考虑]","[评价高,做评价,评估报告,做评估,评论区,写评论,评判标准,做评判,判断力,做判断,我认为,他认为,我觉得,他觉得,看来是,看来会,显然是,很显然,好像是,好像会,似乎是,似乎会,估计是,我估计,预计是,预计会,预测结果,做预测,分析报告,做分析,考虑下,要考虑]","[评价,评估,评论,评判,判断,认为,觉得,看来,显然,好像,似乎,估计,预计,预测,分析,考虑,评价高,做评价,评估报告,做评估,评论区,写评论,评判标准,做评判,判断力,做判断,我认为,他认为,我觉得,他觉得,看来是,看来会,显然是,很显然,好像是,好像会,似乎是,似乎会,估计是,我估计,预计是,预计会,预测结果,做预测,分析报告,做分析,考虑下,要考虑]"
106,Abstract Concepts,Act V: Refinement,"[概念,观念,想法,思想,原则,理念,道理,意义,价值,理想,梦想,目标,信念,精神,真理,哲学]","[新概念,有概念,新观念,转变观念,好想法,有想法,思想家,有思想,原则上,有原则,新理念,有理念,讲道理,有道理,有意义,没意义,有价值,没价值,有理想,追求理想,有梦想,实现梦想,有目标,定目标,有信念,坚定信念,精神好,有精神,是真理,追求真理,学哲学,讲哲学]","[概念,观念,想法,思想,原则,理念,道理,意义,价值,理想,梦想,目标,信念,精神,真理,哲学,新概念,有概念,新观念,转变观念,好想法,有想法,思想家,有思想,原则上,有原则,新理念,有理念,讲道理,有道理,有意义,没意义,有价值,没价值,有理想,追求理想,有梦想,实现梦想,有目标,定目标,有信念,坚定信念,精神好,有精神,是真理,追求真理,学哲学,讲哲学]"
107,Success & Achievement,Act V: Refinement,"[成功,成就,成果,业绩,失败,挫折,进步,突破,收获,成长,奋斗,努力,效果,成效,战果,建树]","[成功了,取得成功,有成就,取得成就,有成果,取得成果,有业绩,创造业绩,失败了,接受失败,有挫折,遇到挫折,有进步,取得进步,有突破,取得突破,有收获,满满收获,有成长,快速成长,在奋斗,努力奋斗,很努力,继续努力,有效果,看效果,有成效,取得成效,有战果,取得战果,有建树,颇有建树]","[成功,成就,成果,业绩,失败,挫折,进步,突破,收获,成长,奋斗,努力,效果,成效,战果,建树,成功了,取得成功,有成就,取得成就,有成果,取得成果,有业绩,创造业绩,失败了,接受失败,有挫折,遇到挫折,有进步,取得进步,有突破,取得突破,有收获,满满收获,有成长,快速成长,在奋斗,努力奋斗,很努力,继续努力,有效果,看效果,有成效,取得成效,有战果,取得战果,有建树,颇有建树]"
